duration,protocol_type,service,flag,src_bytes,dst_bytes,land,wrong_fragment,urgent,hot,num_failed_logins,logged_in,num_compromised,root_shell,su_attempted,num_root,num_file_creations,num_shells,num_access_files,num_outbound_cmds,is_host_login,is_guest_login,count,srv_count,serror_rate,srv_serror_rate,rerror_rate,srv_rerror_rate,same_srv_rate,diff_srv_rate,srv_diff_host_rate,dst_host_count,dst_host_srv_count,dst_host_same_srv_rate,dst_host_diff_srv_rate,dst_host_same_src_port_rate,dst_host_srv_diff_host_rate,dst_host_serror_rate,dst_host_srv_serror_rate,dst_host_rerror_rate,dst_host_srv_rerror_rate,label,difficulty_level
0,tcp,ftp_data,SF,491,0,0,0,0,0,0,0,0,0,0,0,0,0,0,0,0,0,2,2,0.0,0.0,0.0,0.0,1.0,0.0,0.0,150,25,0.17,0.03,0.17,0.0,0.0,0.0,0.05,0.0,normal,20
0,udp,other,SF,146,0,0,0,0,0,0,0,0,0,0,0,0,0,0,0,0,0,13,1,0.0,0.0,0.0,0.0,0.08,0.15,0.0,255,1,0.0,0.6,0.88,0.0,0.0,0.0,0.0,0.0,normal,15
0,tcp,private,S0,0,0,0,0,0,0,0,0,0,0,0,0,0,0,0,0,0,0,123,6,1.0,1.0,0.0,0.0,0.05,0.07,0.0,255,26,0.1,0.05,0.0,0.0,1.0,1.0,0.0,0.0,neptune,19
0,tcp,http,SF,232,8153,0,0,0,0,0,1,0,0,0,0,0,0,0,0,0,0,5,5,0.2,0.2,0.0,0.0,1.0,0.0,0.0,30,255,1.0,0.0,0.03,0.04,0.03,0.01,0.0,0.01,normal,21
0,tcp,private,REJ,0,0,0,0,0,0,0,0,0,0,0,0,0,0,0,0,0,0,121,19,0.0,0.0,1.0,1.0,0.16,0.06,0.0,255,19,0.07,0.07,0.0,0.0,0.0,0.0,1.0,1.0,neptune,21
0,tcp,remote_job,S0,0,0,0,0,0,0,0,0,0,0,0,0,0,0,0,0,0,0,270,23,1.0,1.0,0.0,0.0,0.09,0.05,0.0,255,23,0.09,0.05,0.0,0.0,1.0,1.0,0.0,0.0,neptune,21
0,tcp,name,S0,0,0,0,0,0,0,0,0,0,0,0,0,0,0,0,0,0,0,233,1,1.0,1.0,0.0,0.0,0.0,0.06,0.0,255,1,0.0,0.07,0.0,0.0,1.0,1.0,0.0,0.0,neptune,19
0,tcp,netbios_ns,S0,0,0,0,0,0,0,0,0,0,0,0,0,0,0,0,0,0,0,96,16,1.0,1.0,0.0,0.0,0.17,0.05,0.0,255,2,0.01,0.06,0.0,0.0,1.0,1.0,0.0,0.0,neptune,18
0,icmp,eco_i,SF,18,0,0,0,0,0,0,0,0,0,0,0,0,0,0,0,0,0,1,1,0.0,0.0,0.0,0.0,1.0,0.0,0.0,1,16,1.0,0.0,1.0,1.0,0.0,0.0,0.0,0.0,ipsweep,18
0,tcp,mtp,S0,0,0,0,0,0,0,0,0,0,0,0,0,0,0,0,0,0,0,223,23,1.0,1.0,0.0,0.0,0.1,0.05,0.0,255,23,0.09,0.05,0.0,0.0,1.0,1.0,0.0,0.0,neptune,18
507,tcp,telnet,SF,437,14421,0,0,0,0,0,1,3,0,0,0,0,0,1,0,0,0,1,1,0.0,0.0,0.0,0.0,1.0,0.0,0.0,255,25,0.1,0.05,0.0,0.0,0.53,0.0,0.02,0.16,normal,20
0,tcp,finger,S0,0,0,0,0,0,0,0,0,0,0,0,0,0,0,0,0,0,0,57,16,1.0,1.0,0.0,0.0,0.28,0.07,0.0,255,59,0.23,0.04,0.01,0.0,1.0,1.0,0.0,0.0,neptune,20
0,udp,domain_u,SF,45,45,0,0,0,0,0,0,0,0,0,0,0,0,0,0,0,0,181,181,0.0,0.0,0.0,0.0,1.0,0.0,0.0,255,250,0.98,0.01,0.0,0.0,0.0,0.0,0.0,0.0,normal,18
1,udp,private,SF,105,147,0,0,0,0,0,0,0,0,0,0,0,0,0,0,0,0,2,2,0.0,0.0,0.0,0.0,1.0,0.0,0.0,41,5,0.12,0.05,0.05,0.0,0.0,0.0,0.0,0.0,normal,19
0,tcp,supdup,S0,0,0,0,0,0,0,0,0,0,0,0,0,0,0,0,0,0,0,205,17,1.0,1.0,0.0,0.0,0.08,0.06,0.0,255,17,0.07,0.07,0.0,0.0,1.0,1.0,0.0,0.0,neptune,19
0,tcp,uucp_path,S0,0,0,0,0,0,0,0,0,0,0,0,0,0,0,0,0,0,0,228,13,1.0,1.0,0.0,0.0,0.06,0.07,0.0,255,13,0.05,0.07,0.0,0.0,1.0,1.0,0.0,0.0,neptune,20
0,tcp,ftp_data,S0,0,0,0,0,0,0,0,0,0,0,0,0,0,0,0,0,0,0,50,11,1.0,1.0,0.0,0.0,0.22,0.08,0.0,255,63,0.25,0.02,0.01,0.0,1.0,1.0,0.0,0.0,neptune,19
0,tcp,Z39_50,S0,0,0,0,0,0,0,0,0,0,0,0,0,0,0,0,0,0,0,262,12,1.0,1.0,0.0,0.0,0.05,0.06,0.0,255,9,0.04,0.07,0.0,0.0,1.0,1.0,0.0,0.0,neptune,18
2,tcp,smtp,SF,1591,372,0,0,0,0,0,1,0,0,0,0,0,0,0,0,0,0,1,2,0.0,0.0,0.0,0.0,1.0,0.0,1.0,181,147,0.81,0.02,0.01,0.0,0.0,0.0,0.0,0.0,normal,21
0,tcp,csnet_ns,S0,0,0,0,0,0,0,0,0,0,0,0,0,0,0,0,0,0,0,108,11,1.0,1.0,0.0,0.0,0.1,0.08,0.0,255,11,0.04,0.07,0.0,0.0,1.0,1.0,0.0,0.0,neptune,18
0,tcp,uucp,S0,0,0,0,0,0,0,0,0,0,0,0,0,0,0,0,0,0,0,135,9,1.0,1.0,0.0,0.0,0.07,0.06,0.0,255,11,0.04,0.07,0.0,0.0,1.0,1.0,0.0,0.0,neptune,20
0,tcp,netbios_dgm,RSTR,0,0,0,0,0,0,0,0,0,0,0,0,0,0,0,0,0,0,1,1,0.0,0.0,1.0,1.0,1.0,0.0,0.0,236,1,0.0,0.58,0.58,0.0,0.0,0.0,0.58,1.0,portsweep,14
0,tcp,http,S0,0,0,0,0,0,0,0,0,0,0,0,0,0,0,0,0,0,0,52,19,1.0,1.0,0.0,0.0,0.37,0.08,0.0,255,67,0.26,0.02,0.0,0.0,1.0,1.0,0.0,0.0,neptune,19
0,tcp,netbios_dgm,REJ,0,0,0,0,0,0,0,0,0,0,0,0,0,0,0,0,0,0,125,7,0.0,0.0,1.0,1.0,0.06,0.06,0.0,255,6,0.02,0.07,0.0,0.0,0.0,0.0,1.0,1.0,neptune,20
0,icmp,urp_i,SF,181,0,0,0,0,0,0,0,0,0,0,0,0,0,0,0,0,0,3,2,0.0,0.0,0.0,0.0,0.67,0.67,0.0,255,93,0.36,0.01,0.46,0.0,0.0,0.0,0.0,0.0,normal,21
0,tcp,auth,S0,0,0,0,0,0,0,0,0,0,0,0,0,0,0,0,0,0,0,276,9,1.0,1.0,0.0,0.0,0.03,0.06,0.0,255,9,0.04,0.06,0.0,0.0,1.0,1.0,0.0,0.0,neptune,19
0,tcp,uucp_path,REJ,0,0,0,0,0,0,0,0,0,0,0,0,0,0,0,0,0,0,135,7,0.0,0.0,1.0,1.0,0.05,0.07,0.0,255,7,0.03,0.07,0.0,0.0,0.0,0.0,1.0,1.0,neptune,19
0,tcp,domain,S0,0,0,0,0,0,0,0,0,0,0,0,0,0,0,0,0,0,0,220,19,1.0,1.0,0.0,0.0,0.09,0.05,0.0,255,2,0.01,0.07,0.0,0.0,1.0,1.0,0.0,0.0,neptune,18
0,tcp,ftp,S0,0,0,0,0,0,0,0,0,0,0,0,0,0,0,0,0,0,0,250,13,1.0,1.0,0.0,0.0,0.05,0.06,0.0,255,1,0.0,0.07,0.0,0.0,1.0,1.0,0.0,0.0,neptune,19
0,tcp,http,REJ,0,0,0,0,0,0,0,0,0,0,0,0,0,0,0,0,0,0,1,2,0.0,0.0,1.0,1.0,1.0,0.0,1.0,1,247,1.0,0.0,1.0,0.15,0.0,0.0,1.0,0.68,normal,21
25950,tcp,private,RSTR,1,0,0,0,0,0,0,0,0,0,0,0,0,0,0,0,0,0,2,2,0.0,0.0,1.0,1.0,1.0,0.0,0.0,255,2,0.01,0.69,1.0,0.0,0.0,0.0,1.0,1.0,portsweep,15
0,tcp,Z39_50,REJ,0,0,0,0,0,0,0,0,0,0,0,0,0,0,0,0,0,0,110,17,0.0,0.0,1.0,1.0,0.15,0.05,0.0,255,17,0.07,0.07,0.0,0.0,0.0,0.0,1.0,1.0,neptune,18
0,tcp,bgp,REJ,0,0,0,0,0,0,0,0,0,0,0,0,0,0,0,0,0,0,272,19,0.0,0.0,1.0,1.0,0.07,0.07,0.0,255,19,0.07,0.08,0.0,0.0,0.0,0.0,1.0,1.0,neptune,19
0,tcp,bgp,S0,0,0,0,0,0,0,0,0,0,0,0,0,0,0,0,0,0,0,294,6,1.0,1.0,0.0,0.0,0.02,0.05,0.0,255,8,0.03,0.07,0.0,0.0,1.0,1.0,0.0,0.0,neptune,18
0,tcp,finger,SF,9,138,0,0,0,0,0,0,0,0,0,0,0,0,0,0,0,0,1,1,0.0,0.0,0.0,0.0,1.0,0.0,0.0,195,10,0.03,0.03,0.01,0.2,0.01,0.0,0.01,0.0,normal,21
26,tcp,ftp,SF,273,903,0,0,0,5,0,1,0,0,0,0,0,0,0,0,0,1,1,1,0.0,0.0,0.0,0.0,1.0,0.0,0.0,176,49,0.28,0.02,0.01,0.0,0.01,0.02,0.0,0.0,normal,21
0,tcp,ldap,REJ,0,0,0,0,0,0,0,0,0,0,0,0,0,0,0,0,0,0,135,5,0.0,0.0,1.0,1.0,0.04,0.06,0.0,255,1,0.0,0.07,0.0,0.0,0.0,0.0,1.0,1.0,neptune,19
0,icmp,ecr_i,SF,1032,0,0,0,0,0,0,0,0,0,0,0,0,0,0,0,0,0,263,263,0.0,0.0,0.0,0.0,1.0,0.0,0.0,255,255,1.0,0.0,1.0,0.0,0.0,0.0,0.0,0.0,smurf,20
0,tcp,gopher,SH,0,0,0,0,0,0,0,0,0,0,0,0,0,0,0,0,0,0,1,1,1.0,1.0,0.0,0.0,1.0,0.0,0.0,255,1,0.0,1.0,1.0,0.0,1.0,1.0,0.0,0.0,nmap,18
0,tcp,telnet,S0,0,0,0,0,0,0,0,0,0,0,0,0,0,0,0,0,0,0,13,4,1.0,1.0,0.0,0.0,0.31,0.31,0.0,255,64,0.25,0.02,0.01,0.0,1.0,1.0,0.0,0.0,neptune,19
0,tcp,vmnet,S0,0,0,0,0,0,0,0,0,0,0,0,0,0,0,0,0,0,0,292,13,1.0,1.0,0.0,0.0,0.04,0.05,0.0,255,14,0.05,0.08,0.0,0.0,1.0,1.0,0.0,0.0,neptune,20
0,tcp,systat,S0,0,0,0,0,0,0,0,0,0,0,0,0,0,0,0,0,0,0,295,18,1.0,1.0,0.0,0.0,0.06,0.05,0.0,255,1,0.0,0.08,0.0,0.0,1.0,1.0,0.0,0.0,neptune,18
0,tcp,http_443,S0,0,0,0,0,0,0,0,0,0,0,0,0,0,0,0,0,0,0,143,15,1.0,1.0,0.0,0.0,0.1,0.06,0.0,255,15,0.06,0.05,0.0,0.0,1.0,1.0,0.0,0.0,neptune,20
0,tcp,efs,S0,0,0,0,0,0,0,0,0,0,0,0,0,0,0,0,0,0,0,102,19,1.0,1.0,0.0,0.0,0.19,0.06,0.0,255,18,0.07,0.06,0.0,0.0,1.0,1.0,0.0,0.0,neptune,19
0,tcp,whois,S0,0,0,0,0,0,0,0,0,0,0,0,0,0,0,0,0,0,0,251,3,1.0,1.0,0.0,0.0,0.01,0.07,0.0,255,3,0.01,0.08,0.0,0.0,1.0,1.0,0.0,0.0,neptune,19
9015,tcp,other,RSTR,1,0,0,0,0,0,0,0,0,0,0,0,0,0,0,0,0,0,2,2,0.0,0.0,1.0,1.0,1.0,0.0,0.0,255,2,0.01,0.74,1.0,0.0,0.0,0.0,1.0,1.0,portsweep,15
0,tcp,gopher,S0,0,0,0,0,0,0,0,0,0,0,0,0,0,0,0,0,0,0,44,12,1.0,1.0,0.0,0.0,0.27,0.11,0.0,255,12,0.05,0.08,0.0,0.0,1.0,1.0,0.0,0.0,neptune,18
0,tcp,imap4,REJ,0,0,0,0,0,0,0,0,0,0,0,0,0,0,0,0,0,0,272,15,0.0,0.0,1.0,1.0,0.06,0.06,0.0,255,15,0.06,0.07,0.0,0.0,0.0,0.0,1.0,1.0,neptune,19
0,tcp,other,REJ,0,0,0,0,0,0,0,0,0,0,0,0,0,0,0,0,0,0,486,1,0.08,0.0,0.89,1.0,0.0,0.95,0.0,255,1,0.0,0.91,0.0,0.0,0.11,0.0,0.89,1.0,satan,18
0,tcp,iso_tsap,S0,0,0,0,0,0,0,0,0,0,0,0,0,0,0,0,0,0,0,286,9,1.0,1.0,0.0,0.0,0.03,0.06,0.0,255,11,0.04,0.07,0.0,0.0,1.0,1.0,0.0,0.0,neptune,19
0,tcp,echo,S0,0,0,0,0,0,0,0,0,0,0,0,0,0,0,0,0,0,0,223,17,1.0,1.0,0.0,0.0,0.08,0.06,0.0,255,17,0.07,0.06,0.0,0.0,1.0,1.0,0.0,0.0,neptune,19
0,tcp,klogin,S0,0,0,0,0,0,0,0,0,0,0,0,0,0,0,0,0,0,0,143,14,1.0,1.0,0.0,0.0,0.1,0.06,0.0,255,14,0.05,0.06,0.0,0.0,1.0,1.0,0.0,0.0,neptune,21
0,tcp,link,S0,0,0,0,0,0,0,0,0,0,0,0,0,0,0,0,0,0,0,274,22,1.0,1.0,0.0,0.0,0.08,0.05,0.0,255,22,0.09,0.05,0.0,0.0,1.0,1.0,0.0,0.0,neptune,18
0,tcp,sunrpc,S0,0,0,0,0,0,0,0,0,0,0,0,0,0,0,0,0,0,0,141,12,1.0,1.0,0.0,0.0,0.09,0.06,0.0,255,16,0.06,0.06,0.0,0.0,1.0,1.0,0.0,0.0,neptune,20
0,tcp,login,S0,0,0,0,0,0,0,0,0,0,0,0,0,0,0,0,0,0,0,103,3,1.0,1.0,0.0,0.0,0.03,0.07,0.0,255,3,0.01,0.07,0.0,0.0,1.0,1.0,0.0,0.0,neptune,21
0,tcp,kshell,S0,0,0,0,0,0,0,0,0,0,0,0,0,0,0,0,0,0,0,125,24,1.0,1.0,0.0,0.0,0.19,0.05,0.0,255,24,0.09,0.05,0.0,0.0,1.0,1.0,0.0,0.0,neptune,18
0,tcp,ftp,RSTO,0,0,0,0,0,0,0,0,0,0,0,0,0,0,0,0,0,0,250,3,0.0,0.0,1.0,1.0,0.01,0.06,0.0,255,3,0.01,0.07,0.0,0.0,0.0,0.0,1.0,1.0,neptune,20
0,tcp,sql_net,SH,0,0,0,0,0,0,0,0,0,0,0,0,0,0,0,0,0,0,1,1,1.0,1.0,0.0,0.0,1.0,0.0,0.0,255,1,0.0,1.0,1.0,0.0,1.0,1.0,0.0,0.0,nmap,19
0,tcp,mtp,REJ,0,0,0,0,0,0,0,0,0,0,0,0,0,0,0,0,0,0,280,11,0.0,0.0,1.0,1.0,0.04,0.06,0.0,255,11,0.04,0.07,0.0,0.0,0.0,0.0,1.0,1.0,neptune,20
0,tcp,auth,REJ,0,0,0,0,0,0,0,0,0,0,0,0,0,0,0,0,0,0,276,14,0.0,0.0,1.0,1.0,0.05,0.06,0.0,255,14,0.05,0.07,0.0,0.0,0.0,0.0,1.0,1.0,neptune,19
0,tcp,time,S0,0,0,0,0,0,0,0,0,0,0,0,0,0,0,0,0,0,0,199,9,1.0,1.0,0.0,0.0,0.05,0.07,0.0,255,9,0.04,0.07,0.0,0.0,1.0,1.0,0.0,0.0,neptune,18
0,tcp,sql_net,S0,0,0,0,0,0,0,0,0,0,0,0,0,0,0,0,0,0,0,104,4,1.0,1.0,0.0,0.0,0.04,0.07,0.0,255,18,0.07,0.07,0.0,0.0,1.0,1.0,0.0,0.0,neptune,19
0,tcp,hostnames,REJ,0,0,0,0,0,0,0,0,0,0,0,0,0,0,0,0,0,0,225,2,0.0,0.0,1.0,1.0,0.01,0.07,0.0,255,2,0.01,0.08,0.0,0.0,0.0,0.0,1.0,1.0,neptune,19
0,tcp,smtp,S0,0,0,0,0,0,0,0,0,0,0,0,0,0,0,0,0,0,0,2,2,0.5,0.5,0.0,0.0,1.0,0.0,0.0,160,101,0.4,0.05,0.01,0.02,0.01,0.02,0.0,0.0,normal,17
0,tcp,time,RSTR,0,0,0,0,0,0,0,0,0,0,0,0,0,0,0,0,0,0,1,1,0.0,0.0,1.0,1.0,1.0,0.0,0.0,255,1,0.0,0.16,0.15,0.0,0.0,0.0,0.15,1.0,portsweep,14
0,tcp,exec,RSTO,0,0,0,0,0,0,0,0,0,0,0,0,0,0,0,0,0,0,144,16,0.0,0.0,1.0,1.0,0.11,0.06,0.0,255,9,0.04,0.06,0.0,0.0,0.0,0.0,1.0,1.0,neptune,18
0,tcp,netbios_dgm,S0,0,0,0,0,0,0,0,0,0,0,0,0,0,0,0,0,0,0,241,19,1.0,1.0,0.0,0.0,0.08,0.05,0.0,255,19,0.07,0.07,0.0,0.0,1.0,1.0,0.0,0.0,neptune,20
0,udp,ntp_u,SF,48,48,0,0,0,0,0,0,0,0,0,0,0,0,0,0,0,0,1,1,0.0,0.0,0.0,0.0,1.0,0.0,0.0,42,23,0.55,0.05,0.55,0.0,0.0,0.0,0.0,0.0,normal,21
0,tcp,discard,S0,0,0,0,0,0,0,0,0,0,0,0,0,0,0,0,0,0,0,268,19,1.0,1.0,0.0,0.0,0.07,0.06,0.0,255,19,0.07,0.07,0.0,0.0,1.0,1.0,0.0,0.0,neptune,20
0,tcp,nntp,S0,0,0,0,0,0,0,0,0,0,0,0,0,0,0,0,0,0,0,196,12,1.0,1.0,0.0,0.0,0.06,0.07,0.0,255,12,0.05,0.08,0.0,0.0,1.0,1.0,0.0,0.0,neptune,20
0,tcp,courier,S0,0,0,0,0,0,0,0,0,0,0,0,0,0,0,0,0,0,0,111,6,1.0,1.0,0.0,0.0,0.05,0.07,0.0,255,6,0.02,0.07,0.0,0.0,1.0,1.0,0.0,0.0,neptune,18
0,tcp,time,SF,0,4,0,0,0,0,0,0,0,0,0,0,0,0,0,0,0,0,1,1,0.0,0.0,0.0,0.0,1.0,0.0,0.0,25,25,1.0,0.0,0.04,0.0,0.08,0.08,0.04,0.04,normal,20
0,tcp,uucp,RSTO,0,0,0,0,0,0,0,0,0,0,0,0,0,0,0,0,0,0,116,3,0.0,0.0,1.0,1.0,0.03,0.07,0.0,255,3,0.01,0.08,0.0,0.0,0.0,0.0,1.0,1.0,neptune,20
0,tcp,login,RSTO,0,0,0,0,0,0,0,0,0,0,0,0,0,0,0,0,0,0,139,10,0.0,0.0,1.0,1.0,0.07,0.06,0.0,255,10,0.04,0.06,0.0,0.0,0.0,0.0,1.0,1.0,neptune,20
0,tcp,ctf,S0,0,0,0,0,0,0,0,0,0,0,0,0,0,0,0,0,0,0,140,1,1.0,1.0,0.0,0.0,0.01,0.06,0.0,255,1,0.0,0.08,0.0,0.0,1.0,1.0,0.0,0.0,neptune,18
0,tcp,ssh,S0,0,0,0,0,0,0,0,0,0,0,0,0,0,0,0,0,0,0,204,18,1.0,1.0,0.0,0.0,0.09,0.06,0.0,255,18,0.07,0.07,0.0,0.0,1.0,1.0,0.0,0.0,neptune,20
0,tcp,ftp_data,REJ,0,0,0,0,0,0,0,0,0,0,0,0,0,0,0,0,0,0,459,5,0.07,0.0,0.9,1.0,0.01,0.99,0.0,255,4,0.02,0.99,0.0,0.0,0.08,0.0,0.91,1.0,satan,17
0,tcp,exec,S0,0,0,0,0,0,0,0,0,0,0,0,0,0,0,0,0,0,0,103,17,1.0,1.0,0.0,0.0,0.17,0.06,0.0,255,17,0.07,0.05,0.0,0.0,1.0,1.0,0.0,0.0,neptune,20
0,tcp,imap4,S0,0,0,0,0,0,0,0,0,0,0,0,0,0,0,0,0,0,0,255,9,1.0,1.0,0.0,0.0,0.04,0.06,0.0,255,9,0.04,0.07,0.0,0.0,1.0,1.0,0.0,0.0,neptune,20
0,tcp,smtp,RSTO,13794,2966,0,0,0,0,0,1,0,0,0,0,0,0,0,0,0,0,2,2,0.0,0.0,1.0,1.0,1.0,0.0,0.0,170,96,0.43,0.42,0.01,0.02,0.0,0.0,0.41,0.04,normal,17
0,tcp,daytime,S0,0,0,0,0,0,0,0,0,0,0,0,0,0,0,0,0,0,0,235,4,1.0,1.0,0.0,0.0,0.02,0.07,0.0,255,4,0.02,0.07,0.0,0.0,1.0,1.0,0.0,0.0,neptune,20
0,tcp,ldap,S0,0,0,0,0,0,0,0,0,0,0,0,0,0,0,0,0,0,0,124,2,1.0,1.0,0.0,0.0,0.02,0.07,0.0,255,2,0.01,0.07,0.0,0.0,1.0,1.0,0.0,0.0,neptune,20
0,tcp,time,RSTO,0,0,0,0,0,0,0,0,0,0,0,0,0,0,0,0,0,0,280,16,0.0,0.0,1.0,1.0,0.06,0.06,0.0,255,16,0.06,0.07,0.0,0.0,0.0,0.0,1.0,1.0,neptune,21
0,tcp,whois,REJ,0,0,0,0,0,0,0,0,0,0,0,0,0,0,0,0,0,0,248,20,0.0,0.0,1.0,1.0,0.08,0.06,0.0,255,20,0.08,0.07,0.0,0.0,0.0,0.0,1.0,1.0,neptune,18
0,tcp,other,SF,5891,0,0,0,0,0,0,1,0,0,0,0,0,0,0,0,0,0,13,1,0.0,0.0,0.0,0.0,0.08,0.31,0.0,83,1,0.01,0.08,0.23,0.0,0.0,0.0,0.0,0.0,normal,20
41285,tcp,remote_job,RSTR,1,0,0,0,0,0,0,0,0,0,0,0,0,0,0,0,0,0,2,2,0.0,0.0,1.0,1.0,1.0,0.0,0.0,255,2,0.01,0.28,0.56,0.0,0.0,0.0,0.56,1.0,portsweep,15
0,tcp,shell,S0,0,0,0,0,0,0,0,0,0,0,0,0,0,0,0,0,0,0,129,22,1.0,1.0,0.0,0.0,0.17,0.05,0.0,255,22,0.09,0.05,0.0,0.0,1.0,1.0,0.0,0.0,neptune,21
0,tcp,netbios_ns,REJ,0,0,0,0,0,0,0,0,0,0,0,0,0,0,0,0,0,0,241,12,0.0,0.0,1.0,1.0,0.05,0.07,0.0,255,12,0.05,0.07,0.0,0.0,0.0,0.0,1.0,1.0,neptune,20
0,tcp,systat,REJ,0,0,0,0,0,0,0,0,0,0,0,0,0,0,0,0,0,0,242,1,0.0,0.0,1.0,1.0,0.0,0.07,0.0,255,1,0.0,0.08,0.0,0.0,0.0,0.0,1.0,1.0,neptune,19
0,tcp,hostnames,S0,0,0,0,0,0,0,0,0,0,0,0,0,0,0,0,0,0,0,272,4,1.0,1.0,0.0,0.0,0.01,0.05,0.0,255,4,0.02,0.05,0.0,0.0,1.0,1.0,0.0,0.0,neptune,20
0,tcp,csnet_ns,REJ,0,0,0,0,0,0,0,0,0,0,0,0,0,0,0,0,0,0,2,1,0.0,0.0,1.0,1.0,0.5,1.0,0.0,255,1,0.0,1.0,1.0,0.0,0.0,0.0,1.0,1.0,portsweep,16
0,tcp,iso_tsap,REJ,0,0,0,0,0,0,0,0,0,0,0,0,0,0,0,0,0,0,244,17,0.0,0.0,1.0,1.0,0.07,0.06,0.0,255,17,0.07,0.07,0.0,0.0,0.0,0.0,1.0,1.0,neptune,18
0,tcp,telnet,RSTO,125,179,0,0,0,1,1,0,0,0,0,0,0,0,0,0,0,0,1,1,0.0,0.0,1.0,1.0,1.0,0.0,0.0,4,4,1.0,0.0,0.25,0.0,0.25,0.25,0.75,0.75,guess_passwd,13
0,tcp,auth,SF,13,40,0,0,0,0,0,0,0,0,0,0,0,0,0,0,0,0,1,1,0.0,0.0,0.0,0.0,1.0,0.0,0.0,100,3,0.01,0.04,0.01,0.67,0.0,0.0,0.0,0.0,normal,21
0,tcp,http,S1,278,7958,0,0,0,0,0,1,0,0,0,0,0,0,0,0,0,0,1,2,1.0,0.5,0.0,0.0,1.0,0.0,1.0,3,255,1.0,0.0,0.33,0.03,0.33,0.0,0.0,0.0,normal,18
0,tcp,shell,SF,82,1,0,0,0,0,0,0,0,0,0,0,0,0,0,0,0,0,1,1,0.0,0.0,0.0,0.0,1.0,0.0,0.0,1,1,1.0,0.0,1.0,0.0,0.0,0.0,0.0,0.0,normal,13
0,tcp,netstat,REJ,0,0,0,0,0,0,0,0,0,0,0,0,0,0,0,0,0,0,104,2,0.0,0.0,1.0,1.0,0.02,0.08,0.0,255,2,0.01,0.07,0.0,0.0,0.0,0.0,1.0,1.0,neptune,20
0,tcp,pop_3,SF,35,130,0,0,0,0,0,1,0,0,0,0,0,0,0,0,0,0,1,1,0.0,0.0,0.0,0.0,1.0,0.0,0.0,164,8,0.03,0.04,0.01,0.25,0.0,0.0,0.0,0.0,normal,20
0,tcp,nnsp,S0,0,0,0,0,0,0,0,0,0,0,0,0,0,0,0,0,0,0,126,4,1.0,1.0,0.0,0.0,0.03,0.07,0.0,255,4,0.02,0.07,0.0,0.0,1.0,1.0,0.0,0.0,neptune,19
0,tcp,gopher,REJ,0,0,0,0,0,0,0,0,0,0,0,0,0,0,0,0,0,0,266,15,0.0,0.0,1.0,1.0,0.06,0.07,0.0,255,15,0.06,0.07,0.0,0.0,0.0,0.0,1.0,1.0,neptune,20
0,tcp,netstat,S0,0,0,0,0,0,0,0,0,0,0,0,0,0,0,0,0,0,0,45,4,1.0,1.0,0.0,0.0,0.09,0.13,0.0,255,4,0.02,0.09,0.0,0.0,1.0,1.0,0.0,0.0,neptune,18
0,tcp,IRC,S1,197,2276,0,0,0,0,0,1,0,0,0,0,0,0,0,0,0,0,2,1,0.5,1.0,0.0,0.0,0.5,1.0,0.0,24,9,0.38,0.08,0.04,0.0,0.12,0.33,0.17,0.44,normal,17
0,tcp,pop_2,S0,0,0,0,0,0,0,0,0,0,0,0,0,0,0,0,0,0,0,281,3,1.0,1.0,0.0,0.0,0.01,0.06,0.0,255,3,0.01,0.06,0.0,0.0,1.0,1.0,0.0,0.0,neptune,21
0,tcp,efs,REJ,0,0,0,0,0,0,0,0,0,0,0,0,0,0,0,0,0,0,116,12,0.0,0.0,1.0,1.0,0.1,0.08,0.0,255,12,0.05,0.07,0.0,0.0,0.0,0.0,1.0,1.0,neptune,20
0,tcp,finger,RSTO,0,0,0,0,0,0,0,0,0,0,0,0,0,0,0,0,0,0,229,11,0.0,0.0,1.0,1.0,0.05,0.06,0.0,255,11,0.04,0.07,0.0,0.0,0.0,0.0,1.0,1.0,neptune,20
0,tcp,courier,REJ,0,0,0,0,0,0,0,0,0,0,0,0,0,0,0,0,0,0,118,16,0.0,0.0,1.0,1.0,0.14,0.07,0.0,255,16,0.06,0.06,0.0,0.0,0.0,0.0,1.0,1.0,neptune,20
0,tcp,other,S0,0,0,0,0,0,0,0,0,0,0,0,0,0,0,0,0,0,0,511,1,0.17,1.0,0.82,0.0,0.0,1.0,0.0,255,1,0.0,1.0,0.0,0.0,0.2,1.0,0.8,0.0,satan,21
0,tcp,printer,RSTO,0,0,0,0,0,0,0,0,0,0,0,0,0,0,0,0,0,0,111,5,0.0,0.0,1.0,1.0,0.05,0.06,0.0,255,5,0.02,0.08,0.0,0.0,0.0,0.0,1.0,1.0,neptune,21
9908,tcp,IRC,RSTR,2634,8611,0,0,0,0,0,1,0,0,0,0,0,0,0,0,0,0,1,1,0.0,0.0,1.0,1.0,1.0,0.0,0.0,11,4,0.36,0.18,0.09,0.0,0.0,0.0,0.36,1.0,normal,21
799,tcp,telnet,RSTR,676,23920,0,0,0,0,0,1,2,0,0,0,0,0,1,0,0,0,3,2,0.0,0.0,0.67,1.0,0.67,0.67,0.0,255,16,0.06,0.06,0.01,0.0,0.67,0.06,0.01,0.12,normal,18
1,tcp,private,RSTOS0,0,0,0,0,0,0,0,0,0,0,0,0,0,0,0,0,0,0,72,3,0.79,0.67,0.21,0.33,0.04,0.38,0.0,255,3,0.01,0.11,0.28,0.0,0.22,0.67,0.06,0.33,portsweep,20
35682,tcp,telnet,RSTOS0,381709090,0,0,0,0,0,0,0,0,0,0,0,0,0,0,0,0,0,1,1,0.0,0.0,1.0,1.0,1.0,0.0,0.0,78,2,0.03,0.12,0.08,0.0,0.0,0.0,0.08,0.5,portsweep,9
0,tcp,http,RSTO,242,16819,0,0,0,0,0,1,0,0,0,0,0,0,0,0,0,0,7,7,0.0,0.0,0.43,0.43,1.0,0.0,0.0,128,255,1.0,0.0,0.01,0.01,0.0,0.0,0.03,0.02,normal,20
0,icmp,tim_i,SF,564,0,0,0,0,0,0,0,0,0,0,0,0,0,0,0,0,0,1,1,0.0,0.0,0.0,0.0,1.0,0.0,0.0,1,1,1.0,0.0,1.0,0.0,0.0,0.0,0.0,0.0,pod,7
0,tcp,pop_3,S0,0,0,0,0,0,0,0,0,0,0,0,0,0,0,0,0,0,0,276,16,1.0,1.0,0.0,0.0,0.06,0.06,0.0,255,16,0.06,0.08,0.0,0.0,1.0,1.0,0.0,0.0,neptune,21
0,tcp,remote_job,REJ,0,0,0,0,0,0,0,0,0,0,0,0,0,0,0,0,0,0,281,11,0.0,0.0,1.0,1.0,0.04,0.06,0.0,255,11,0.04,0.07,0.0,0.0,0.0,0.0,1.0,1.0,neptune,21
0,tcp,private,SH,0,0,0,0,0,0,0,0,0,0,0,0,0,0,0,0,0,0,1,1,1.0,1.0,0.0,0.0,1.0,0.0,0.0,35,1,0.03,0.74,0.77,0.0,0.77,1.0,0.0,0.0,nmap,18
0,tcp,pop_3,RSTO,0,0,0,0,0,0,0,0,0,0,0,0,0,0,0,0,0,0,232,5,0.0,0.0,1.0,1.0,0.02,0.06,0.0,255,5,0.02,0.07,0.0,0.0,0.0,0.0,1.0,1.0,neptune,21
0,tcp,pm_dump,SF,44,672,0,0,0,0,0,0,0,0,0,0,0,0,0,0,0,0,5,1,0.0,0.0,0.4,0.0,0.2,1.0,0.0,165,1,0.01,0.1,0.01,0.0,0.01,0.0,0.02,0.0,satan,3
0,tcp,link,REJ,0,0,0,0,0,0,0,0,0,0,0,0,0,0,0,0,0,0,1,1,0.0,0.0,1.0,1.0,1.0,0.0,0.0,68,1,0.01,1.0,0.01,0.0,0.0,0.0,0.91,1.0,ipsweep,15
1,tcp,systat,RSTOS0,0,0,0,0,0,0,0,0,0,0,0,0,0,0,0,0,0,0,222,2,0.64,0.5,0.36,0.5,0.01,0.42,0.0,255,2,0.01,0.36,0.87,0.0,0.55,0.5,0.32,0.5,portsweep,20
0,tcp,http_443,REJ,0,0,0,0,0,0,0,0,0,0,0,0,0,0,0,0,0,0,71,5,0.0,0.0,1.0,1.0,0.07,0.08,0.0,255,5,0.02,0.06,0.0,0.0,0.0,0.0,1.0,1.0,neptune,18
0,tcp,exec,REJ,0,0,0,0,0,0,0,0,0,0,0,0,0,0,0,0,0,0,104,1,0.07,0.0,0.93,1.0,0.01,1.0,0.0,255,1,0.0,0.67,0.0,0.0,0.03,0.0,0.39,1.0,satan,20
0,tcp,nntp,RSTO,0,0,0,0,0,0,0,0,0,0,0,0,0,0,0,0,0,0,173,5,0.0,0.0,1.0,1.0,0.03,0.07,0.0,255,5,0.02,0.07,0.0,0.0,0.0,0.0,1.0,1.0,neptune,19
0,tcp,sunrpc,RSTO,0,0,0,0,0,0,0,0,0,0,0,0,0,0,0,0,0,0,133,7,0.0,0.0,1.0,1.0,0.05,0.06,0.0,255,7,0.03,0.07,0.0,0.0,0.0,0.0,1.0,1.0,neptune,19
0,tcp,telnet,S1,0,0,0,0,0,0,0,0,0,0,0,0,0,0,0,0,0,0,1,1,1.0,1.0,0.0,0.0,1.0,0.0,0.0,126,1,0.01,0.05,0.01,0.0,0.01,1.0,0.0,0.0,normal,5
0,tcp,vmnet,REJ,0,0,0,0,0,0,0,0,0,0,0,0,0,0,0,0,0,0,205,3,0.0,0.0,1.0,1.0,0.01,0.07,0.0,255,3,0.01,0.08,0.0,0.0,0.0,0.0,1.0,1.0,neptune,20
0,tcp,iso_tsap,RSTR,0,0,0,0,0,0,0,0,0,0,0,0,0,0,0,0,0,0,1,1,0.0,0.0,1.0,1.0,1.0,0.0,0.0,255,1,0.0,0.4,0.4,0.0,0.0,0.0,0.4,1.0,portsweep,16
0,tcp,echo,RSTO,0,0,0,0,0,0,0,0,0,0,0,0,0,0,0,0,0,0,257,13,0.0,0.0,1.0,1.0,0.05,0.07,0.0,255,13,0.05,0.07,0.0,0.0,0.0,0.0,1.0,1.0,neptune,20
0,icmp,red_i,SF,91,0,0,0,0,0,0,0,0,0,0,0,0,0,0,0,0,0,7,7,0.0,0.0,0.0,0.0,1.0,0.0,0.0,132,7,0.05,0.02,0.05,0.0,0.0,0.0,0.11,0.0,normal,19
0,tcp,domain,SF,48,486,0,0,0,0,0,1,0,0,0,0,0,0,0,0,0,0,55,1,0.0,0.0,0.0,0.0,0.02,0.04,0.0,255,1,0.0,0.01,0.0,0.0,0.0,0.0,0.0,0.0,normal,15
0,tcp,netbios_ns,SH,0,0,0,0,0,0,0,0,0,0,0,0,0,0,0,0,0,0,1,1,1.0,1.0,0.0,0.0,1.0,0.0,0.0,255,1,0.0,1.0,1.0,0.0,1.0,1.0,0.0,0.0,nmap,19
0,tcp,echo,RSTR,0,0,0,0,0,0,0,0,0,0,0,0,0,0,0,0,0,0,1,1,0.0,0.0,1.0,1.0,1.0,0.0,0.0,133,1,0.01,0.08,0.1,0.0,0.0,0.0,0.1,1.0,portsweep,13
6,tcp,smtp,S3,1493,365,0,0,0,0,0,1,0,0,0,0,0,0,0,0,0,0,1,1,1.0,1.0,0.0,0.0,1.0,0.0,0.0,132,145,0.32,0.05,0.01,0.01,0.02,0.01,0.0,0.0,normal,14
0,tcp,nnsp,REJ,0,0,0,0,0,0,0,0,0,0,0,0,0,0,0,0,0,0,65,4,0.0,0.0,1.0,1.0,0.06,0.09,0.0,255,4,0.02,0.07,0.0,0.0,0.0,0.0,1.0,1.0,neptune,18
4,tcp,private,RSTO,6,18056,0,0,0,0,0,1,0,0,0,0,0,0,0,0,0,0,77,1,0.0,0.0,0.94,1.0,0.01,1.0,0.0,202,1,0.0,0.44,0.0,0.0,0.0,0.0,0.37,1.0,satan,16
0,tcp,netbios_ssn,S0,0,0,0,0,0,0,0,0,0,0,0,0,0,0,0,0,0,0,297,14,1.0,1.0,0.0,0.0,0.05,0.05,0.0,255,8,0.03,0.07,0.0,0.0,1.0,1.0,0.0,0.0,neptune,20
0,tcp,rje,S0,0,0,0,0,0,0,0,0,0,0,0,0,0,0,0,0,0,0,216,20,1.0,1.0,0.0,0.0,0.09,0.06,0.0,255,20,0.08,0.05,0.0,0.0,1.0,1.0,0.0,0.0,neptune,21
0,tcp,sql_net,REJ,0,0,0,0,0,0,0,0,0,0,0,0,0,0,0,0,0,0,65,12,0.0,0.0,1.0,1.0,0.18,0.08,0.0,255,11,0.04,0.08,0.0,0.0,0.0,0.0,1.0,1.0,neptune,20
38776,tcp,bgp,RSTR,1,0,0,0,0,0,0,0,0,0,0,0,0,0,0,0,0,0,2,2,0.0,0.0,1.0,1.0,1.0,0.0,0.0,255,2,0.01,0.51,1.0,0.0,0.0,0.0,1.0,1.0,portsweep,15
6,tcp,gopher,SF,0,0,0,0,0,0,0,0,0,0,0,0,0,0,0,0,0,0,1,1,0.0,0.0,0.0,0.0,1.0,0.0,0.0,51,2,0.02,1.0,0.02,1.0,0.0,0.0,0.92,0.5,ipsweep,9
0,tcp,ssh,REJ,0,0,0,0,0,0,0,0,0,0,0,0,0,0,0,0,0,0,1,1,0.0,0.0,1.0,1.0,1.0,0.0,0.0,3,2,0.33,1.0,0.33,1.0,0.0,0.0,1.0,1.0,ipsweep,14
0,tcp,http,S2,54540,8315,0,0,0,0,0,1,0,0,0,0,0,0,0,0,0,0,2,2,0.5,0.5,0.0,0.0,1.0,0.0,0.0,255,255,1.0,0.0,0.0,0.0,0.0,0.0,0.04,0.04,back,10
0,tcp,kshell,REJ,0,0,0,0,0,0,0,0,0,0,0,0,0,0,0,0,0,0,136,9,0.0,0.0,1.0,1.0,0.07,0.06,0.0,255,4,0.02,0.07,0.0,0.0,0.0,0.0,1.0,1.0,neptune,20
0,tcp,name,REJ,0,0,0,0,0,0,0,0,0,0,0,0,0,0,0,0,0,0,102,4,0.0,0.0,1.0,1.0,0.04,0.08,0.0,255,4,0.02,0.08,0.0,0.0,0.0,0.0,1.0,1.0,neptune,20
0,tcp,ftp_data,S1,88382,0,0,0,0,0,0,1,0,0,0,1,0,0,0,0,0,0,14,14,0.07,0.07,0.0,0.0,1.0,0.0,0.0,232,82,0.35,0.03,0.35,0.0,0.02,0.04,0.0,0.0,normal,20
0,tcp,supdup,REJ,0,0,0,0,0,0,0,0,0,0,0,0,0,0,0,0,0,0,246,2,0.0,0.0,1.0,1.0,0.01,0.07,0.0,255,2,0.01,0.08,0.0,0.0,0.0,0.0,1.0,1.0,neptune,20
0,tcp,pop_2,REJ,0,0,0,0,0,0,0,0,0,0,0,0,0,0,0,0,0,0,266,19,0.0,0.0,1.0,1.0,0.07,0.06,0.0,255,19,0.07,0.07,0.0,0.0,0.0,0.0,1.0,1.0,neptune,21
0,tcp,whois,RSTR,0,0,0,0,0,0,0,0,0,0,0,0,0,0,0,0,0,0,1,1,0.0,0.0,1.0,1.0,1.0,0.0,0.0,255,1,0.0,0.18,0.17,0.0,0.0,0.0,0.17,1.0,portsweep,17
0,tcp,netbios_ssn,REJ,0,0,0,0,0,0,0,0,0,0,0,0,0,0,0,0,0,0,107,6,0.0,0.0,1.0,1.0,0.06,0.07,0.0,255,6,0.02,0.08,0.0,0.0,0.0,0.0,1.0,1.0,neptune,20
42,tcp,auth,RSTO,10,36,0,0,0,0,0,0,0,0,0,0,0,0,0,0,0,0,1,1,0.0,0.0,1.0,1.0,1.0,0.0,0.0,255,3,0.01,0.02,0.0,0.0,0.0,0.0,0.0,0.33,normal,14
0,tcp,nntp,REJ,0,0,0,0,0,0,0,0,0,0,0,0,0,0,0,0,0,0,2,1,0.0,0.0,1.0,1.0,0.5,1.0,0.0,255,1,0.0,0.22,0.19,0.0,0.0,0.0,0.2,1.0,portsweep,20
0,tcp,csnet_ns,RSTR,0,0,0,0,0,0,0,0,0,0,0,0,0,0,0,0,0,0,1,1,0.0,0.0,1.0,1.0,1.0,0.0,0.0,255,1,0.0,1.0,1.0,0.0,0.0,0.0,1.0,1.0,portsweep,15
0,tcp,kshell,RSTR,0,0,0,0,0,0,0,0,0,0,0,0,0,0,0,0,0,0,1,1,0.0,0.0,1.0,1.0,1.0,0.0,0.0,255,1,0.0,0.67,1.0,0.0,0.0,0.0,1.0,1.0,portsweep,16
0,tcp,http,RSTR,54540,8314,0,0,0,2,0,1,1,0,0,0,0,0,0,0,0,0,3,4,0.0,0.0,0.67,0.75,1.0,0.0,0.5,255,255,1.0,0.0,0.01,0.0,0.0,0.0,0.04,0.04,back,14
0,tcp,domain,REJ,0,0,0,0,0,0,0,0,0,0,0,0,0,0,0,0,0,0,258,17,0.0,0.0,1.0,1.0,0.07,0.07,0.0,255,17,0.07,0.07,0.0,0.0,0.0,0.0,1.0,1.0,neptune,19
0,tcp,klogin,REJ,0,0,0,0,0,0,0,0,0,0,0,0,0,0,0,0,0,0,144,17,0.0,0.0,1.0,1.0,0.12,0.06,0.0,255,17,0.07,0.06,0.0,0.0,0.0,0.0,1.0,1.0,neptune,21
0,tcp,ctf,REJ,0,0,0,0,0,0,0,0,0,0,0,0,0,0,0,0,0,0,237,4,0.0,0.0,1.0,1.0,0.02,0.07,0.0,255,4,0.02,0.07,0.0,0.0,0.0,0.0,1.0,1.0,neptune,20
0,tcp,rje,REJ,0,0,0,0,0,0,0,0,0,0,0,0,0,0,0,0,0,0,205,4,0.0,0.0,1.0,1.0,0.02,0.07,0.0,255,4,0.02,0.08,0.0,0.0,0.0,0.0,1.0,1.0,neptune,21
0,tcp,smtp,S1,702,305,0,0,0,0,0,1,0,0,0,0,0,0,0,0,0,0,2,1,0.5,1.0,0.0,0.0,0.5,1.0,0.0,87,147,0.6,0.07,0.01,0.01,0.05,0.01,0.0,0.0,normal,17
2,tcp,ftp_data,S3,2194620,0,0,0,0,0,0,1,0,0,0,0,0,0,0,0,0,0,2,2,0.5,0.5,0.0,0.0,1.0,0.0,0.0,255,61,0.24,0.02,0.07,0.0,0.61,0.66,0.0,0.0,normal,11
0,tcp,printer,S0,0,0,0,0,0,0,0,0,0,0,0,0,0,0,0,0,0,0,9,5,1.0,1.0,0.0,0.0,0.56,0.33,0.0,255,5,0.02,0.07,0.0,0.0,1.0,1.0,0.0,0.0,neptune,21
3995,tcp,X11,SF,491004,68700,0,0,0,0,0,0,0,0,0,0,0,0,0,0,0,0,2,2,0.0,0.0,0.0,0.0,1.0,0.0,0.0,46,8,0.17,0.07,0.02,0.0,0.0,0.0,0.0,0.0,normal,19
0,tcp,discard,RSTO,0,0,0,0,0,0,0,0,0,0,0,0,0,0,0,0,0,0,250,2,0.0,0.0,1.0,1.0,0.01,0.07,0.0,255,2,0.01,0.08,0.0,0.0,0.0,0.0,1.0,1.0,neptune,18
0,tcp,klogin,RSTR,0,0,0,0,0,0,0,0,0,0,0,0,0,0,0,0,0,0,1,1,0.0,0.0,1.0,1.0,1.0,0.0,0.0,255,1,0.0,1.0,1.0,0.0,0.0,0.0,1.0,1.0,portsweep,16
0,tcp,private,OTH,0,0,0,0,0,0,0,0,0,0,0,0,0,0,0,0,0,0,1,1,0.0,0.0,0.0,0.0,1.0,0.0,0.0,185,1,0.01,0.74,0.74,0.0,0.03,0.0,0.63,0.0,portsweep,12
0,tcp,ldap,SH,0,0,0,0,0,0,0,0,0,0,0,0,0,0,0,0,0,0,1,1,1.0,1.0,0.0,0.0,1.0,0.0,0.0,73,1,0.01,0.86,0.89,0.0,0.89,1.0,0.0,0.0,nmap,17
5,tcp,ssh,SF,0,15,0,0,0,0,0,1,0,0,0,0,0,0,0,0,0,0,1,1,0.0,0.0,0.0,0.0,1.0,0.0,0.0,3,1,0.33,1.0,0.33,0.0,0.0,0.0,0.67,0.0,ipsweep,5
0,tcp,link,RSTR,0,0,0,0,0,0,0,0,0,0,0,0,0,0,0,0,0,0,1,1,0.0,0.0,1.0,1.0,1.0,0.0,0.0,135,1,0.01,0.64,0.64,0.0,0.04,0.0,0.63,1.0,portsweep,14
0,tcp,http,S3,242,80476,0,0,0,0,0,1,0,0,0,0,0,0,0,0,0,0,2,4,0.5,0.25,0.0,0.0,1.0,0.0,0.5,2,156,1.0,0.0,0.5,0.08,0.5,0.01,0.0,0.0,normal,15
0,tcp,daytime,RSTO,0,0,0,0,0,0,0,0,0,0,0,0,0,0,0,0,0,0,221,1,0.0,0.0,1.0,1.0,0.0,0.07,0.0,255,1,0.0,0.07,0.0,0.0,0.0,0.0,1.0,1.0,neptune,19
7,tcp,ftp_data,RSTR,0,0,0,0,0,0,0,0,0,0,0,0,0,0,0,0,0,0,2,2,0.0,0.0,1.0,1.0,1.0,0.0,0.0,160,87,0.52,0.14,0.25,0.02,0.0,0.0,0.25,0.02,portsweep,6
4,tcp,name,RSTR,0,0,0,0,0,0,0,0,0,0,0,0,0,0,0,0,0,0,53,2,0.0,0.0,1.0,1.0,0.04,0.55,0.0,255,2,0.01,0.12,0.21,0.0,0.0,0.0,0.85,1.0,portsweep,18
0,tcp,exec,RSTR,0,0,0,0,0,0,0,0,0,0,0,0,0,0,0,0,0,0,1,1,0.0,0.0,1.0,1.0,1.0,0.0,0.0,255,1,0.0,0.78,1.0,0.0,0.0,0.0,1.0,1.0,portsweep,16
0,tcp,uucp_path,SH,0,0,0,0,0,0,0,0,0,0,0,0,0,0,0,0,0,0,1,1,1.0,1.0,0.0,0.0,1.0,0.0,0.0,255,1,0.0,1.0,1.0,0.0,1.0,1.0,0.0,0.0,nmap,18
0,tcp,discard,REJ,0,0,0,0,0,0,0,0,0,0,0,0,0,0,0,0,0,0,97,1,0.0,0.0,1.0,1.0,0.01,0.54,0.0,255,1,0.0,0.21,0.38,0.0,0.0,0.0,0.85,1.0,portsweep,18
39602,tcp,imap4,RSTR,1,0,0,0,0,0,0,0,0,0,0,0,0,0,0,0,0,0,2,2,0.0,0.0,1.0,1.0,1.0,0.0,0.0,255,2,0.01,0.5,1.0,0.0,0.0,0.0,1.0,1.0,portsweep,15
0,tcp,IRC,SF,66,18,0,0,0,0,0,0,0,0,0,0,0,0,0,0,0,0,1,1,0.0,0.0,0.0,0.0,1.0,0.0,0.0,48,11,0.23,0.04,0.02,0.0,0.0,0.0,0.15,0.64,normal,21
0,tcp,imap4,SF,0,0,0,0,0,0,0,0,0,0,0,0,0,0,0,0,0,0,3,124,0.67,0.76,0.0,0.04,1.0,0.0,0.36,9,9,1.0,0.0,0.78,0.0,0.56,0.56,0.0,0.0,imap,17
1,tcp,echo,RSTOS0,0,0,0,0,0,0,0,0,0,0,0,0,0,0,0,0,0,0,230,2,0.63,0.5,0.37,0.5,0.01,0.42,0.0,255,2,0.01,0.38,0.9,0.0,0.57,0.5,0.33,0.5,portsweep,18
0,tcp,time,S3,1,4,0,0,0,0,0,0,0,0,0,0,0,0,0,0,0,0,1,1,1.0,1.0,0.0,0.0,1.0,0.0,0.0,19,19,1.0,0.0,0.05,0.0,0.05,0.05,0.0,0.0,normal,13
8,tcp,http_443,RSTR,0,0,0,0,0,0,0,0,0,0,0,0,0,0,0,0,0,0,1,1,0.0,0.0,1.0,1.0,1.0,0.0,0.0,255,1,0.0,0.79,1.0,0.0,0.0,0.0,1.0,1.0,portsweep,15
4,tcp,pop_2,SF,6,147,0,0,0,0,0,0,0,0,0,0,0,0,0,0,0,0,511,1,0.07,0.0,0.91,0.0,0.0,1.0,0.0,255,1,0.0,1.0,0.0,0.0,0.07,0.0,0.9,0.0,satan,12
0,tcp,netbios_ssn,SF,6,0,0,0,0,0,0,0,0,0,0,0,0,0,0,0,0,0,511,1,0.07,0.0,0.91,0.0,0.0,1.0,0.0,255,1,0.0,1.0,0.0,0.0,0.07,0.0,0.88,0.0,satan,15
39438,tcp,sql_net,RSTR,1,0,0,0,0,0,0,0,0,0,0,0,0,0,0,0,0,0,2,2,0.0,0.0,1.0,1.0,1.0,0.0,0.0,255,2,0.01,0.5,1.0,0.0,0.0,0.0,1.0,1.0,portsweep,15
6,tcp,ssh,RSTO,0,15,0,0,0,0,0,1,0,0,0,0,0,0,0,0,0,0,1,1,0.0,0.0,1.0,1.0,1.0,0.0,0.0,3,1,0.33,1.0,0.33,0.0,0.0,0.0,1.0,1.0,ipsweep,13
0,tcp,ftp_data,S2,1153,0,0,0,0,0,0,1,0,0,0,0,0,0,0,0,0,0,1,1,1.0,1.0,0.0,0.0,1.0,0.0,0.0,104,27,0.26,0.07,0.29,0.0,0.02,0.07,0.0,0.0,normal,17
1,tcp,daytime,RSTOS0,0,0,0,0,0,0,0,0,0,0,0,0,0,0,0,0,0,0,218,2,0.64,0.5,0.36,0.5,0.01,0.42,0.0,255,2,0.01,0.36,0.85,0.0,0.55,0.5,0.31,0.5,portsweep,20
0,tcp,pop_3,RSTR,0,0,0,0,0,0,0,0,0,0,0,0,0,0,0,0,0,0,1,1,0.0,0.0,1.0,1.0,1.0,0.0,0.0,255,1,0.0,1.0,1.0,0.0,0.0,0.0,1.0,1.0,portsweep,18
11,tcp,sunrpc,SF,6,0,0,0,0,1,0,0,0,0,0,0,0,0,0,0,0,0,509,1,0.02,0.0,0.97,0.0,0.0,1.0,0.0,255,1,0.0,1.0,0.0,0.0,0.02,0.0,0.96,0.0,satan,15
0,icmp,urh_i,SF,36,0,0,0,0,0,0,0,0,0,0,0,0,0,0,0,0,0,2,1,0.0,0.0,0.0,0.0,0.5,1.0,0.0,195,81,0.25,0.04,0.25,0.02,0.0,0.0,0.0,0.0,normal,20
0,tcp,ssh,RSTR,0,0,0,0,0,0,0,0,0,0,0,0,0,0,0,0,0,0,1,1,0.0,0.0,1.0,1.0,1.0,0.0,0.0,70,1,0.01,0.34,0.31,0.0,0.09,0.0,0.31,1.0,portsweep,16
0,tcp,smtp,OTH,0,0,0,0,0,0,0,0,0,0,0,0,0,0,0,0,0,0,1,1,0.0,0.0,0.0,0.0,1.0,0.0,0.0,73,151,0.23,0.36,0.34,0.02,0.08,0.03,0.32,0.0,portsweep,1
0,tcp,http_8001,S0,0,0,0,0,0,0,0,0,0,0,0,0,0,0,0,0,0,0,510,1,0.13,1.0,0.87,0.0,0.0,1.0,0.0,255,1,0.0,1.0,0.0,0.0,0.13,1.0,0.87,0.0,satan,17
0,tcp,imap4,RSTO,0,0,0,0,0,0,0,0,0,0,0,0,0,0,0,0,0,0,317,1,0.0,0.0,1.0,1.0,0.0,0.52,0.0,255,1,0.0,0.52,1.0,0.0,0.0,0.0,1.0,1.0,portsweep,18
41307,tcp,gopher,RSTR,1,0,0,0,0,0,0,0,0,0,0,0,0,0,0,0,0,0,2,2,0.0,0.0,1.0,1.0,1.0,0.0,0.0,255,2,0.01,0.28,0.55,0.0,0.0,0.0,0.55,1.0,portsweep,15
1,tcp,remote_job,RSTOS0,0,0,0,0,0,0,0,0,0,0,0,0,0,0,0,0,0,0,81,3,0.78,0.67,0.22,0.33,0.04,0.37,0.0,255,3,0.01,0.12,0.32,0.0,0.25,0.67,0.07,0.33,portsweep,20
0,tcp,X11,REJ,0,0,0,0,0,0,0,0,0,0,0,0,0,0,0,0,0,0,9,1,0.0,0.0,0.44,1.0,0.11,1.0,0.0,164,1,0.01,0.09,0.01,0.0,0.01,0.0,0.02,1.0,satan,14
9535,tcp,IRC,RSTO,1441,5626,0,0,0,0,0,1,0,0,0,0,0,0,0,0,0,0,1,1,0.0,0.0,1.0,1.0,1.0,0.0,0.0,87,1,0.01,0.02,0.01,0.0,0.0,0.0,0.01,1.0,normal,18
0,tcp,X11,S0,0,0,0,0,0,0,0,0,0,0,0,0,0,0,0,0,0,0,511,2,0.33,1.0,0.67,0.0,0.0,1.0,0.0,255,2,0.01,1.0,0.0,0.0,0.16,1.0,0.84,0.0,satan,16
0,tcp,discard,RSTR,0,0,0,0,0,0,0,0,0,0,0,0,0,0,0,0,0,0,1,1,0.0,0.0,1.0,1.0,1.0,0.0,0.0,255,1,0.0,0.05,0.04,0.0,0.0,0.0,0.04,1.0,portsweep,15
0,tcp,supdup,RSTR,0,0,0,0,0,0,0,0,0,0,0,0,0,0,0,0,0,0,1,1,0.0,0.0,1.0,1.0,1.0,0.0,0.0,255,1,0.0,0.38,0.74,0.0,0.0,0.0,0.74,1.0,portsweep,16
0,tcp,private,S1,0,0,0,0,0,0,0,0,0,0,0,0,0,0,0,0,0,0,1,1,1.0,1.0,0.0,0.0,1.0,0.0,0.0,1,1,1.0,0.0,1.0,0.0,1.0,1.0,0.0,0.0,normal,5
1,tcp,mtp,RSTOS0,0,0,0,0,0,0,0,0,0,0,0,0,0,0,0,0,0,0,121,3,0.74,0.67,0.26,0.33,0.02,0.36,0.0,255,3,0.01,0.17,0.47,0.0,0.35,0.67,0.13,0.33,portsweep,20
0,tcp,rje,RSTR,0,0,0,0,0,0,0,0,0,0,0,0,0,0,0,0,0,0,1,1,0.0,0.0,1.0,1.0,1.0,0.0,0.0,255,1,0.0,0.31,0.6,0.0,0.0,0.0,0.6,1.0,portsweep,18
25,tcp,nnsp,RSTR,0,0,0,0,0,0,0,0,0,0,0,0,0,0,0,0,0,0,1,1,0.0,0.0,1.0,1.0,1.0,0.0,0.0,255,1,0.0,1.0,1.0,0.0,0.0,0.0,1.0,1.0,portsweep,15
0,tcp,http_443,SH,0,0,0,0,0,0,0,0,0,0,0,0,0,0,0,0,0,0,1,1,1.0,1.0,0.0,0.0,1.0,0.0,0.0,255,1,0.0,1.0,1.0,0.0,1.0,1.0,0.0,0.0,nmap,19
42658,tcp,systat,RSTR,1,0,0,0,0,0,0,0,0,0,0,0,0,0,0,0,0,0,2,2,0.0,0.0,1.0,1.0,1.0,0.0,0.0,142,2,0.01,0.1,0.15,0.0,0.0,0.0,0.15,1.0,portsweep,13
0,tcp,finger,S1,9,0,0,0,0,0,0,0,0,0,0,0,0,0,0,0,0,0,1,1,1.0,1.0,0.0,0.0,1.0,0.0,0.0,4,7,0.5,0.5,0.25,0.43,1.0,0.29,0.0,0.0,normal,11
0,tcp,time,S2,0,0,0,0,0,1,0,0,0,0,0,0,0,0,0,0,0,0,2,2,1.0,1.0,0.0,0.0,1.0,0.0,0.0,22,22,1.0,0.0,0.09,0.0,0.09,0.09,0.05,0.05,normal,16
0,tcp,other,S1,8325,0,0,0,0,0,0,1,0,0,0,0,0,0,0,0,0,0,1,1,1.0,1.0,0.0,0.0,1.0,0.0,0.0,229,1,0.0,0.12,0.42,0.0,0.01,1.0,0.0,0.0,normal,12
11,tcp,private,SF,6,0,0,0,0,0,0,1,0,0,0,0,0,0,0,0,0,0,511,1,0.09,0.0,0.9,0.0,0.0,1.0,0.0,255,1,0.0,1.0,0.0,0.0,0.14,0.0,0.85,0.0,satan,16
3983,tcp,IRC,S3,390,7872,0,0,0,0,0,1,0,0,0,0,0,0,0,0,0,0,2,1,0.5,1.0,0.0,0.0,0.5,1.0,0.0,9,5,0.56,0.22,0.11,0.0,0.11,0.2,0.44,0.8,normal,15
0,tcp,http,OTH,0,0,0,0,0,0,0,0,0,0,0,0,0,0,0,0,0,0,15,15,0.07,0.07,0.0,0.0,1.0,0.0,0.0,37,255,1.0,0.0,0.03,0.04,0.03,0.0,0.0,0.0,normal,20
0,tcp,netbios_ssn,RSTR,0,0,0,0,0,0,0,0,0,0,0,0,0,0,0,0,0,0,1,1,0.0,0.0,1.0,1.0,1.0,0.0,0.0,255,1,0.0,0.5,1.0,0.0,0.0,0.0,1.0,1.0,portsweep,18
0,tcp,imap4,S1,1492,649186,0,0,0,0,0,0,0,0,0,0,0,0,0,0,0,0,1,1,1.0,1.0,0.0,0.0,1.0,0.0,0.0,11,11,1.0,0.0,0.09,0.0,0.55,0.55,0.0,0.0,imap,14
4,tcp,smtp,S2,11772,1434,0,0,0,0,0,1,0,0,0,0,0,0,0,0,0,0,1,2,1.0,0.5,0.0,0.0,1.0,0.0,1.0,92,192,0.97,0.02,0.01,0.01,0.03,0.02,0.0,0.0,normal,17
1,tcp,gopher,RSTOS0,0,0,0,0,0,0,0,0,0,0,0,0,0,0,0,0,0,0,84,3,0.77,0.67,0.23,0.33,0.04,0.37,0.0,255,3,0.01,0.12,0.33,0.0,0.25,0.67,0.07,0.33,portsweep,17
0,tcp,finger,RSTR,0,0,0,0,0,0,0,0,0,0,0,0,0,0,0,0,0,0,1,1,0.0,0.0,1.0,1.0,1.0,0.0,0.0,255,1,0.0,1.0,1.0,0.0,0.0,0.0,1.0,1.0,portsweep,11
8,tcp,nntp,SF,6,0,0,0,0,0,0,1,0,0,0,0,0,0,0,0,0,0,509,1,0.02,0.0,0.97,0.0,0.0,1.0,0.0,255,1,0.0,1.0,0.0,0.0,0.02,0.0,0.97,0.0,satan,15
0,tcp,ldap,RSTR,0,0,0,0,0,0,0,0,0,0,0,0,0,0,0,0,0,0,1,1,0.0,0.0,1.0,1.0,1.0,0.0,0.0,255,1,0.0,1.0,1.0,0.0,0.0,0.0,1.0,1.0,portsweep,16
0,tcp,mtp,SH,0,0,0,0,0,0,0,0,0,0,0,0,0,0,0,0,0,0,1,1,1.0,1.0,0.0,0.0,1.0,0.0,0.0,255,1,0.0,1.0,1.0,0.0,1.0,1.0,0.0,0.0,nmap,19
0,tcp,smtp,RSTR,0,0,0,0,0,0,0,0,0,0,0,0,0,0,0,0,0,0,1,1,0.0,0.0,1.0,1.0,1.0,0.0,0.0,255,10,0.04,0.11,0.1,0.0,0.0,0.0,0.1,0.1,portsweep,8
0,tcp,other,RSTO,0,0,0,0,0,0,0,0,0,0,0,0,0,0,0,0,0,0,103,4,0.0,0.0,1.0,1.0,0.04,0.06,0.0,255,4,0.02,0.07,0.0,0.0,0.0,0.0,1.0,1.0,neptune,21
40142,tcp,nntp,RSTR,1,0,0,0,0,0,0,0,0,0,0,0,0,0,0,0,0,0,2,2,0.0,0.0,1.0,1.0,1.0,0.0,0.0,255,2,0.01,0.47,0.93,0.0,0.0,0.0,0.93,1.0,portsweep,16
0,tcp,efs,RSTR,0,0,0,0,0,0,0,0,0,0,0,0,0,0,0,0,0,0,1,1,0.0,0.0,1.0,1.0,1.0,0.0,0.0,255,1,0.0,0.75,1.0,0.0,0.0,0.0,1.0,1.0,portsweep,16
30418,tcp,uucp,RSTR,1,0,0,0,0,0,0,0,0,0,0,0,0,0,0,0,0,0,2,2,0.0,0.0,1.0,1.0,1.0,0.0,0.0,255,2,0.01,0.68,1.0,0.0,0.0,0.0,1.0,1.0,portsweep,15
0,tcp,imap4,SH,0,0,0,0,0,0,0,0,0,0,0,0,0,0,0,0,0,0,2,123,1.0,0.76,0.0,0.04,1.0,0.0,0.37,8,8,1.0,0.0,0.75,0.0,0.62,0.62,0.0,0.0,imap,18
1,tcp,smtp,RSTOS0,0,0,0,0,0,0,0,0,0,0,0,0,0,0,0,0,0,0,194,2,0.65,0.5,0.35,0.5,0.01,0.41,0.0,255,2,0.01,0.31,0.76,0.0,0.5,0.5,0.26,0.5,portsweep,19
0,tcp,daytime,RSTR,0,0,0,0,0,0,0,0,0,0,0,0,0,0,0,0,0,0,1,1,0.0,0.0,1.0,1.0,1.0,0.0,0.0,172,1,0.01,0.05,0.02,0.0,0.0,0.0,0.03,1.0,portsweep,14
0,tcp,uucp_path,RSTR,0,0,0,0,0,0,0,0,0,0,0,0,0,0,0,0,0,0,1,1,0.0,0.0,1.0,1.0,1.0,0.0,0.0,215,1,0.0,0.54,0.54,0.0,0.0,0.0,0.54,1.0,portsweep,14
8,tcp,uucp,SF,6,0,0,0,0,0,0,1,0,0,0,0,0,0,0,0,0,0,510,1,0.2,0.0,0.79,0.0,0.0,1.0,0.0,255,1,0.0,1.0,0.0,0.0,0.23,0.0,0.75,0.0,satan,15
2,tcp,domain,RSTO,6,28,0,0,0,0,0,1,0,0,0,0,0,0,0,0,0,0,56,1,0.02,0.0,0.91,1.0,0.02,1.0,0.0,255,1,0.0,0.25,0.0,0.0,0.0,0.0,0.21,1.0,satan,16
0,tcp,uucp_path,OTH,0,0,0,0,0,0,0,0,0,0,0,0,0,0,0,0,0,0,1,1,0.0,0.0,0.0,0.0,1.0,0.0,0.0,161,1,0.01,0.7,0.7,0.0,0.04,0.0,0.63,0.0,portsweep,9
0,tcp,hostnames,RSTR,0,0,0,0,0,0,0,0,0,0,0,0,0,0,0,0,0,0,1,1,0.0,0.0,1.0,1.0,1.0,0.0,0.0,199,1,0.01,0.51,0.51,0.0,0.0,0.0,0.5,1.0,portsweep,14
0,tcp,aol,REJ,0,0,0,0,0,0,0,0,0,0,0,0,0,0,0,0,0,0,511,1,0.02,0.0,0.98,1.0,0.0,1.0,0.0,255,1,0.0,1.0,0.0,0.0,0.03,0.0,0.97,1.0,satan,17
0,tcp,hostnames,SH,0,0,0,0,0,0,0,0,0,0,0,0,0,0,0,0,0,0,1,1,1.0,1.0,0.0,0.0,1.0,0.0,0.0,255,1,0.0,1.0,1.0,0.0,1.0,1.0,0.0,0.0,nmap,18
1,tcp,mtp,RSTR,0,0,0,0,0,0,0,0,0,0,0,0,0,0,0,0,0,0,100,2,0.0,0.0,1.0,1.0,0.02,0.55,0.0,255,2,0.01,0.22,0.39,0.0,0.0,0.0,0.53,1.0,portsweep,20
0,tcp,smtp,REJ,0,0,0,0,0,0,0,0,0,0,0,0,0,0,0,0,0,0,1,1,0.0,0.0,1.0,1.0,1.0,0.0,0.0,171,68,0.23,0.02,0.01,0.03,0.0,0.0,0.01,0.01,normal,16
0,tcp,ftp,RSTR,0,0,0,0,0,0,0,0,0,0,0,0,0,0,0,0,0,0,1,1,0.0,0.0,1.0,1.0,1.0,0.0,0.0,69,1,0.01,0.33,0.3,0.0,0.09,0.0,0.3,1.0,portsweep,13
42,tcp,other,S2,15876,1,0,0,0,0,0,1,0,0,0,0,0,0,0,0,0,0,1,1,1.0,1.0,0.0,0.0,1.0,0.0,0.0,227,1,0.0,0.11,0.42,0.0,0.01,1.0,0.0,0.0,normal,11
0,tcp,domain,RSTR,0,0,0,0,0,0,0,0,0,0,0,0,0,0,0,0,0,0,1,1,0.0,0.0,1.0,1.0,1.0,0.0,0.0,101,1,0.01,0.53,0.52,0.0,0.06,0.0,0.5,1.0,portsweep,13
0,tcp,iso_tsap,SH,0,0,0,0,0,0,0,0,0,0,0,0,0,0,0,0,0,0,1,1,1.0,1.0,0.0,0.0,1.0,0.0,0.0,255,1,0.0,1.0,1.0,0.0,1.0,1.0,0.0,0.0,nmap,19
1,tcp,netstat,RSTOS0,0,0,0,0,0,0,0,0,0,0,0,0,0,0,0,0,0,0,214,2,0.64,0.5,0.36,0.5,0.01,0.42,0.0,255,2,0.01,0.35,0.84,0.0,0.54,0.5,0.3,0.5,portsweep,20
3,tcp,vmnet,RSTR,0,0,0,0,0,0,0,0,0,0,0,0,0,0,0,0,0,0,286,2,0.0,0.0,1.0,1.0,0.01,0.52,0.0,255,2,0.01,0.52,1.0,0.0,0.0,0.0,1.0,1.0,portsweep,18
0,tcp,ftp,S1,0,0,0,0,0,0,0,0,0,0,0,0,0,0,0,0,0,0,1,1,1.0,1.0,0.0,0.0,1.0,0.0,0.0,85,21,0.25,0.06,0.01,0.0,0.04,0.14,0.0,0.0,normal,11
4,tcp,ctf,RSTR,0,0,0,0,0,0,0,0,0,0,0,0,0,0,0,0,0,0,183,2,0.0,0.0,1.0,1.0,0.01,0.52,0.0,255,2,0.01,0.38,0.72,0.0,0.0,0.0,0.94,1.0,portsweep,18
39730,tcp,netbios_ns,RSTR,1,0,0,0,0,0,0,0,0,0,0,0,0,0,0,0,0,0,2,2,0.0,0.0,1.0,1.0,1.0,0.0,0.0,255,2,0.01,0.5,1.0,0.0,0.0,0.0,1.0,1.0,portsweep,15
0,tcp,X11,S1,873728,299236,0,0,0,0,0,1,0,0,0,0,0,0,0,0,0,0,1,1,1.0,1.0,0.0,0.0,1.0,0.0,0.0,11,2,0.18,0.45,0.09,0.0,0.09,0.5,0.0,0.0,normal,12
0,tcp,time,SH,0,0,0,0,0,0,0,0,0,0,0,0,0,0,0,0,0,0,1,1,1.0,1.0,0.0,0.0,1.0,0.0,0.0,255,1,0.0,1.0,1.0,0.0,1.0,1.0,0.0,0.0,nmap,18
60,tcp,telnet,S3,125,179,0,0,0,1,1,0,0,0,0,0,0,0,0,0,0,0,1,1,1.0,1.0,0.0,0.0,1.0,0.0,0.0,1,1,1.0,0.0,1.0,0.0,1.0,1.0,0.0,0.0,guess_passwd,17
0,tcp,ftp_data,OTH,0,33580,0,0,0,0,0,0,0,0,0,0,0,0,0,0,0,0,2,9,0.0,0.11,0.0,0.0,1.0,0.0,0.22,49,7,0.04,0.1,0.02,0.29,0.0,0.0,0.0,0.0,normal,19
40315,tcp,sunrpc,RSTR,1,0,0,0,0,0,0,0,0,0,0,0,0,0,0,0,0,0,2,2,0.0,0.0,1.0,1.0,1.0,0.0,0.0,255,2,0.01,0.44,0.87,0.0,0.0,0.0,0.87,1.0,portsweep,15
0,tcp,sunrpc,OTH,0,0,0,0,0,0,0,0,0,0,0,0,0,0,0,0,0,0,1,1,0.0,0.0,0.0,0.0,1.0,0.0,0.0,155,1,0.01,0.69,0.69,0.0,0.04,0.0,0.63,0.0,portsweep,9
8,tcp,login,SF,6,0,0,0,0,0,0,0,0,0,0,0,0,0,0,0,0,0,510,2,0.2,0.0,0.79,0.0,0.0,1.0,0.0,255,2,0.01,1.0,0.01,0.0,0.19,0.0,0.79,0.0,satan,15
0,tcp,echo,REJ,0,0,0,0,0,0,0,0,0,0,0,0,0,0,0,0,0,0,102,1,0.01,0.0,0.91,1.0,0.01,1.0,0.0,255,1,0.0,0.42,0.0,0.0,0.0,0.0,0.37,1.0,satan,20
0,tcp,smtp,SH,0,0,0,0,0,0,0,0,0,0,0,0,0,0,0,0,0,0,1,1,1.0,1.0,0.0,0.0,1.0,0.0,0.0,222,29,0.0,0.95,0.96,0.07,0.96,0.03,0.0,0.0,nmap,11
0,tcp,courier,RSTR,0,0,0,0,0,0,0,0,0,0,0,0,0,0,0,0,0,0,1,1,0.0,0.0,1.0,1.0,1.0,0.0,0.0,255,1,0.0,1.0,1.0,0.0,0.0,0.0,1.0,1.0,portsweep,15
0,tcp,supdup,SH,0,0,0,0,0,0,0,0,0,0,0,0,0,0,0,0,0,0,1,1,1.0,1.0,0.0,0.0,1.0,0.0,0.0,215,1,0.0,0.95,0.96,0.0,0.96,1.0,0.0,0.0,nmap,17
0,tcp,netstat,RSTR,0,0,0,0,0,0,0,0,0,0,0,0,0,0,0,0,0,0,1,1,0.0,0.0,1.0,1.0,1.0,0.0,0.0,149,1,0.01,0.12,0.19,0.0,0.0,0.0,0.19,1.0,portsweep,14
38259,tcp,discard,RSTOS0,621568663,0,0,0,0,0,0,0,0,0,0,0,0,0,0,0,0,0,1,1,0.0,0.0,1.0,1.0,1.0,0.0,0.0,74,1,0.01,0.08,0.03,0.0,0.0,0.0,0.03,1.0,portsweep,11
2,tcp,finger,S3,9,138,0,0,0,2,0,0,0,0,0,0,0,0,0,0,0,0,1,1,1.0,1.0,0.0,0.0,1.0,0.0,0.0,82,3,0.04,0.06,0.01,0.0,0.01,0.33,0.0,0.0,normal,12
0,tcp,http_2784,REJ,0,0,0,0,0,0,0,0,0,0,0,0,0,0,0,0,0,0,509,1,0.07,0.0,0.92,1.0,0.0,1.0,0.0,255,1,0.0,1.0,0.0,0.0,0.1,0.0,0.88,1.0,satan,17
30935,tcp,printer,RSTR,1,0,0,0,0,0,0,0,0,0,0,0,0,0,0,0,0,0,2,2,0.0,0.0,1.0,1.0,1.0,0.0,0.0,255,2,0.01,0.76,1.0,0.0,0.0,0.0,1.0,1.0,portsweep,15
0,tcp,Z39_50,RSTR,0,0,0,0,0,0,0,0,0,0,0,0,0,0,0,0,0,0,1,1,0.0,0.0,1.0,1.0,1.0,0.0,0.0,255,1,0.0,0.83,0.82,0.0,0.0,0.0,0.82,1.0,portsweep,16
5,tcp,printer,SF,6,43,0,0,0,0,0,0,0,0,0,0,0,0,0,0,0,0,510,1,0.2,0.0,0.79,0.0,0.0,1.0,0.0,255,1,0.0,1.0,0.0,0.0,0.19,0.0,0.79,0.0,satan,12
0,tcp,whois,SH,0,0,0,0,0,0,0,0,0,0,0,0,0,0,0,0,0,0,1,1,1.0,1.0,0.0,0.0,1.0,0.0,0.0,255,1,0.0,1.0,1.0,0.0,1.0,1.0,0.0,0.0,nmap,18
0,tcp,domain,SH,0,0,0,0,0,0,0,0,0,0,0,0,0,0,0,0,0,0,1,1,1.0,1.0,0.0,0.0,1.0,0.0,0.0,255,1,0.0,1.0,1.0,0.0,1.0,1.0,0.0,0.0,nmap,17
1,tcp,http,RSTOS0,0,0,0,0,0,0,0,0,0,0,0,0,0,0,0,0,0,0,54,3,0.8,0.67,0.2,0.33,0.06,0.39,0.0,255,204,0.8,0.08,0.21,0.0,0.17,0.01,0.04,0.0,portsweep,11
0,tcp,printer,S1,6,40,0,0,0,0,0,1,0,0,0,0,0,0,0,0,0,0,107,1,0.07,1.0,0.91,0.0,0.01,1.0,0.0,255,1,0.0,0.68,0.0,0.0,0.03,1.0,0.39,0.0,satan,14
0,tcp,IRC,REJ,0,0,0,0,0,0,0,0,0,0,0,0,0,0,0,0,0,0,2,1,0.0,0.0,0.5,1.0,0.5,1.0,0.0,140,18,0.13,0.02,0.01,0.0,0.0,0.0,0.09,0.67,normal,15
5063,tcp,other,S3,5133877,0,0,0,0,5,0,1,0,0,0,0,0,0,0,0,0,0,1,1,1.0,1.0,0.0,0.0,1.0,0.0,0.0,7,1,0.14,0.29,1.0,0.0,0.29,1.0,0.0,0.0,warezclient,10
33111,tcp,time,RSTOS0,0,0,0,0,0,0,0,0,0,0,0,0,0,0,0,0,0,0,1,1,0.0,0.0,1.0,1.0,1.0,0.0,0.0,81,1,0.01,0.14,0.11,0.0,0.0,0.0,0.11,1.0,portsweep,5
0,tcp,other,OTH,0,0,0,0,0,0,0,0,0,0,0,0,0,0,0,0,0,0,1,1,0.0,0.0,0.0,0.0,1.0,0.0,0.0,255,1,0.0,1.0,1.0,0.0,0.0,0.0,1.0,0.0,portsweep,14
24,tcp,shell,RSTO,358678,252,0,0,0,0,0,1,0,0,0,4,0,0,0,0,0,0,2,2,0.0,0.0,0.5,0.5,0.5,1.0,1.0,3,1,0.33,1.0,0.33,0.0,0.0,0.0,0.33,1.0,normal,11
0,tcp,echo,SH,0,0,0,0,0,0,0,0,0,0,0,0,0,0,0,0,0,0,1,1,1.0,1.0,0.0,0.0,1.0,0.0,0.0,203,1,0.0,0.95,0.96,0.0,0.96,1.0,0.0,0.0,nmap,17
410,tcp,ftp,S2,1067,3082,0,0,0,0,0,1,0,0,0,0,0,0,0,0,0,1,1,1,1.0,1.0,0.0,0.0,1.0,0.0,0.0,77,17,0.22,0.06,0.01,0.0,0.01,0.06,0.0,0.0,normal,14
1,tcp,ftp_data,RSTOS0,0,0,0,0,0,0,0,0,0,0,0,0,0,0,0,0,0,0,204,2,0.65,0.5,0.35,0.5,0.01,0.41,0.0,255,2,0.01,0.33,0.8,0.0,0.52,0.5,0.28,0.5,portsweep,20
1,tcp,ctf,RSTOS0,0,0,0,0,0,0,0,0,0,0,0,0,0,0,0,0,0,0,43,3,0.79,0.67,0.21,0.33,0.07,0.4,0.0,255,3,0.01,0.07,0.17,0.0,0.13,0.67,0.04,0.33,portsweep,17
0,tcp,systat,SH,0,0,0,0,0,0,0,0,0,0,0,0,0,0,0,0,0,0,1,1,1.0,1.0,0.0,0.0,1.0,0.0,0.0,255,1,0.0,1.0,1.0,0.0,1.0,1.0,0.0,0.0,nmap,18
0,tcp,daytime,SH,0,0,0,0,0,0,0,0,0,0,0,0,0,0,0,0,0,0,1,1,1.0,1.0,0.0,0.0,1.0,0.0,0.0,255,1,0.0,1.0,1.0,0.0,1.0,1.0,0.0,0.0,nmap,18
0,tcp,nnsp,SH,0,0,0,0,0,0,0,0,0,0,0,0,0,0,0,0,0,0,1,1,1.0,1.0,0.0,0.0,1.0,0.0,0.0,255,1,0.0,1.0,1.0,0.0,1.0,1.0,0.0,0.0,nmap,20
0,tcp,sunrpc,SH,0,0,0,0,0,0,0,0,0,0,0,0,0,0,0,0,0,0,1,1,1.0,1.0,0.0,0.0,1.0,0.0,0.0,120,1,0.01,0.92,0.93,0.0,0.93,1.0,0.0,0.0,nmap,17
0,tcp,netbios_ssn,RSTO,0,0,0,0,0,0,0,0,0,0,0,0,0,0,0,0,0,0,248,1,0.0,0.0,1.0,1.0,0.0,0.53,0.0,255,1,0.0,0.51,0.97,0.0,0.0,0.0,0.99,1.0,portsweep,19
0,tcp,vmnet,SH,0,0,0,0,0,0,0,0,0,0,0,0,0,0,0,0,0,0,1,1,1.0,1.0,0.0,0.0,1.0,0.0,0.0,255,1,0.0,1.0,1.0,0.0,1.0,1.0,0.0,0.0,nmap,18
9,tcp,pop_2,RSTR,0,0,0,0,0,0,0,0,0,0,0,0,0,0,0,0,0,0,1,1,0.0,0.0,1.0,1.0,1.0,0.0,0.0,255,1,0.0,0.43,0.43,0.0,0.0,0.0,0.43,1.0,portsweep,18
0,tcp,klogin,SH,0,0,0,0,0,0,0,0,0,0,0,0,0,0,0,0,0,0,1,1,1.0,1.0,0.0,0.0,1.0,0.0,0.0,255,1,0.0,1.0,1.0,0.0,1.0,1.0,0.0,0.0,nmap,19
0,tcp,login,RSTR,0,0,0,0,0,0,0,0,0,0,0,0,0,0,0,0,0,0,1,1,0.0,0.0,1.0,1.0,1.0,0.0,0.0,255,1,0.0,1.0,1.0,0.0,0.0,0.0,1.0,1.0,portsweep,16
0,tcp,auth,RSTR,0,0,0,0,0,0,0,0,0,0,0,0,0,0,0,0,0,0,1,1,0.0,0.0,1.0,1.0,1.0,0.0,0.0,255,1,0.0,0.45,0.88,0.0,0.0,0.0,0.88,1.0,portsweep,11
0,udp,tftp_u,SF,1,0,0,0,0,0,0,0,0,0,0,0,0,0,0,0,0,0,44,1,0.0,0.0,0.0,0.0,0.02,0.11,0.0,64,1,0.02,0.06,0.02,0.0,0.0,0.0,0.0,0.0,normal,11
0,tcp,telnet,SH,0,0,0,0,0,0,0,0,0,0,0,0,0,0,0,0,0,0,1,1,1.0,1.0,0.0,0.0,1.0,0.0,0.0,34,1,0.03,0.74,0.76,0.0,0.76,1.0,0.0,0.0,nmap,17
0,tcp,auth,SH,0,0,0,0,0,0,0,0,0,0,0,0,0,0,0,0,0,0,1,1,1.0,1.0,0.0,0.0,1.0,0.0,0.0,255,1,0.0,1.0,1.0,0.0,1.0,1.0,0.0,0.0,nmap,18
0,tcp,ftp,OTH,208,669,0,0,0,6,0,1,0,0,0,0,0,0,0,0,0,1,1,1,0.0,0.0,0.0,0.0,1.0,0.0,0.0,215,39,0.18,0.02,0.0,0.0,0.02,0.08,0.0,0.0,normal,16
1,tcp,ftp,RSTOS0,0,0,0,0,0,0,0,0,0,0,0,0,0,0,0,0,0,0,202,2,0.65,0.5,0.35,0.5,0.01,0.41,0.0,255,2,0.01,0.33,0.79,0.0,0.51,0.5,0.28,0.5,portsweep,20
0,tcp,link,SH,0,0,0,0,0,0,0,0,0,0,0,0,0,0,0,0,0,0,1,1,1.0,1.0,0.0,0.0,1.0,0.0,0.0,255,1,0.0,1.0,1.0,0.0,1.0,1.0,0.0,0.0,nmap,19
0,tcp,daytime,REJ,0,0,0,0,0,0,0,0,0,0,0,0,0,0,0,0,0,0,96,1,0.01,0.0,0.91,1.0,0.01,1.0,0.0,255,1,0.0,0.39,0.0,0.0,0.0,0.0,0.35,1.0,satan,17
0,tcp,csnet_ns,SH,0,0,0,0,0,0,0,0,0,0,0,0,0,0,0,0,0,0,1,1,1.0,1.0,0.0,0.0,1.0,0.0,0.0,255,1,0.0,1.0,1.0,0.0,1.0,1.0,0.0,0.0,nmap,18
1,tcp,ssh,RSTOS0,0,0,0,0,0,0,0,0,0,0,0,0,0,0,0,0,0,0,200,2,0.65,0.5,0.35,0.5,0.01,0.41,0.0,255,2,0.01,0.32,0.78,0.0,0.51,0.5,0.27,0.5,portsweep,20
0,tcp,gopher,RSTO,0,0,0,0,0,0,0,0,0,0,0,0,0,0,0,0,0,0,112,1,0.0,0.0,1.0,1.0,0.01,0.56,0.0,255,1,0.0,0.25,0.44,0.0,0.0,0.0,0.53,1.0,portsweep,19
0,tcp,finger,SH,0,0,0,0,0,0,0,0,0,0,0,0,0,0,0,0,0,0,1,1,1.0,1.0,0.0,0.0,1.0,0.0,0.0,255,1,0.0,1.0,1.0,0.0,1.0,1.0,0.0,0.0,nmap,18
0,tcp,http_8001,REJ,0,0,0,0,0,0,0,0,0,0,0,0,0,0,0,0,0,0,510,1,0.13,0.0,0.87,1.0,0.0,1.0,0.0,255,1,0.0,1.0,0.0,0.0,0.19,0.0,0.81,1.0,satan,17
0,tcp,shell,RSTR,0,0,0,0,0,0,0,0,0,0,0,0,0,0,0,0,0,0,1,1,0.0,0.0,1.0,1.0,1.0,0.0,0.0,255,1,0.0,1.0,1.0,0.0,0.0,0.0,1.0,1.0,portsweep,18
0,tcp,telnet,OTH,0,0,0,0,0,0,0,0,0,0,0,0,0,0,0,0,0,0,1,1,0.0,0.0,0.0,0.0,1.0,0.0,0.0,71,1,0.01,0.35,0.32,0.0,0.08,0.0,0.31,0.0,portsweep,9
0,tcp,name,SH,0,0,0,0,0,0,0,0,0,0,0,0,0,0,0,0,0,0,1,1,1.0,1.0,0.0,0.0,1.0,0.0,0.0,255,1,0.0,1.0,1.0,0.0,1.0,1.0,0.0,0.0,nmap,19
0,tcp,uucp,SH,0,0,0,0,0,0,0,0,0,0,0,0,0,0,0,0,0,0,1,1,1.0,1.0,0.0,0.0,1.0,0.0,0.0,255,1,0.0,1.0,1.0,0.0,1.0,1.0,0.0,0.0,nmap,18
0,tcp,ftp_data,SH,0,0,0,0,0,0,0,0,0,0,0,0,0,0,0,0,0,0,1,1,1.0,1.0,0.0,0.0,1.0,0.0,0.0,255,1,0.0,1.0,1.0,0.0,1.0,1.0,0.0,0.0,nmap,18
22,tcp,X11,RSTR,3660,2016,0,0,0,0,0,1,0,0,0,0,0,0,0,0,0,0,2,2,0.0,0.0,0.5,0.5,1.0,0.0,0.0,6,6,1.0,0.0,0.17,0.0,0.17,0.17,0.17,0.17,normal,16
0,tcp,bgp,SH,0,0,0,0,0,0,0,0,0,0,0,0,0,0,0,0,0,0,1,1,1.0,1.0,0.0,0.0,1.0,0.0,0.0,255,1,0.0,1.0,1.0,0.0,1.0,1.0,0.0,0.0,nmap,18
0,tcp,ftp,SH,0,0,0,0,0,0,0,0,0,0,0,0,0,0,0,0,0,0,1,1,1.0,1.0,0.0,0.0,1.0,0.0,0.0,236,2,0.01,0.95,0.97,0.0,0.97,0.5,0.0,0.0,nmap,17
0,tcp,uucp,REJ,0,0,0,0,0,0,0,0,0,0,0,0,0,0,0,0,0,0,3,1,0.0,0.0,0.33,1.0,0.33,1.0,0.0,255,1,0.0,0.04,0.0,0.0,0.0,0.0,0.0,1.0,satan,18
0,tcp,exec,SH,0,0,0,0,0,0,0,0,0,0,0,0,0,0,0,0,0,0,1,1,1.0,1.0,0.0,0.0,1.0,0.0,0.0,255,1,0.0,1.0,1.0,0.0,1.0,1.0,0.0,0.0,nmap,18
0,tcp,harvest,S0,0,0,0,0,0,0,0,0,0,0,0,0,0,0,0,0,0,0,509,1,0.1,1.0,0.89,0.0,0.0,1.0,0.0,255,1,0.0,1.0,0.0,0.0,0.17,1.0,0.82,0.0,satan,17
0,tcp,sql_net,OTH,0,0,0,0,0,0,0,0,0,0,0,0,0,0,0,0,0,0,1,1,0.0,0.0,0.0,0.0,1.0,0.0,0.0,193,1,0.01,0.75,0.75,0.0,0.03,0.0,0.63,0.0,portsweep,9
0,tcp,netbios_dgm,SH,0,0,0,0,0,0,0,0,0,0,0,0,0,0,0,0,0,0,1,1,1.0,1.0,0.0,0.0,1.0,0.0,0.0,67,1,0.01,0.85,0.88,0.0,0.88,1.0,0.0,0.0,nmap,18
0,tcp,netbios_ssn,SH,0,0,0,0,0,0,0,0,0,0,0,0,0,0,0,0,0,0,1,1,1.0,1.0,0.0,0.0,1.0,0.0,0.0,255,1,0.0,1.0,1.0,0.0,1.0,1.0,0.0,0.0,nmap,19
1,tcp,name,RSTOS0,0,0,0,0,0,0,0,0,0,0,0,0,0,0,0,0,0,0,163,2,0.69,0.5,0.31,0.5,0.01,0.39,0.0,255,2,0.01,0.25,0.64,0.0,0.44,0.5,0.2,0.5,portsweep,17
0,tcp,pop_3,REJ,0,0,0,0,0,0,0,0,0,0,0,0,0,0,0,0,0,0,2,1,0.0,0.0,1.0,1.0,0.5,1.0,0.0,255,1,0.0,0.93,0.91,0.0,0.0,0.0,0.91,1.0,portsweep,18
0,tcp,nntp,OTH,0,0,0,0,0,0,0,0,0,0,0,0,0,0,0,0,0,0,1,1,0.0,0.0,0.0,0.0,1.0,0.0,0.0,163,1,0.01,0.71,0.71,0.0,0.04,0.0,0.63,0.0,portsweep,9
2,tcp,echo,SF,6,6,0,0,0,0,0,1,0,0,0,0,0,0,0,0,0,0,57,1,0.0,0.0,0.93,0.0,0.02,1.0,0.0,175,1,0.01,0.39,0.01,0.0,0.0,0.0,0.32,0.0,satan,10
1,tcp,finger,RSTOS0,0,0,0,0,0,0,0,0,0,0,0,0,0,0,0,0,0,0,125,1,0.0,0.0,1.0,1.0,0.01,0.56,0.0,255,5,0.02,0.27,0.49,0.0,0.0,0.0,0.53,0.2,portsweep,19
0,tcp,kshell,SH,0,0,0,0,0,0,0,0,0,0,0,0,0,0,0,0,0,0,1,1,1.0,1.0,0.0,0.0,1.0,0.0,0.0,255,1,0.0,1.0,1.0,0.0,1.0,1.0,0.0,0.0,nmap,19
0,tcp,pop_3,S1,108,11518,0,0,0,0,0,1,0,0,0,0,0,0,0,0,0,0,1,1,1.0,1.0,0.0,0.0,1.0,0.0,0.0,67,1,0.01,0.07,0.01,0.0,0.01,1.0,0.0,0.0,normal,12
0,tcp,discard,SH,0,0,0,0,0,0,0,0,0,0,0,0,0,0,0,0,0,0,1,1,1.0,1.0,0.0,0.0,1.0,0.0,0.0,255,1,0.0,1.0,1.0,0.0,1.0,1.0,0.0,0.0,nmap,18
0,tcp,Z39_50,SH,0,0,0,0,0,0,0,0,0,0,0,0,0,0,0,0,0,0,1,1,1.0,1.0,0.0,0.0,1.0,0.0,0.0,66,1,0.02,0.85,0.88,0.0,0.88,1.0,0.0,0.0,nmap,18
0,tcp,ssh,SH,0,0,0,0,0,0,0,0,0,0,0,0,0,0,0,0,0,0,1,1,1.0,1.0,0.0,0.0,1.0,0.0,0.0,255,1,0.0,1.0,1.0,0.0,1.0,1.0,0.0,0.0,nmap,19
0,tcp,http,SH,0,0,0,0,0,0,0,0,0,0,0,0,0,0,0,0,0,0,1,1,1.0,1.0,0.0,0.0,1.0,0.0,0.0,255,1,0.0,1.0,1.0,0.0,1.0,1.0,0.0,0.0,nmap,17
1,tcp,whois,RSTOS0,0,0,0,0,0,0,0,0,0,0,0,0,0,0,0,0,0,0,161,2,0.69,0.5,0.31,0.5,0.01,0.39,0.0,255,2,0.01,0.24,0.63,0.0,0.44,0.5,0.2,0.5,portsweep,17
1,tcp,domain,RSTOS0,0,0,0,0,0,0,0,0,0,0,0,0,0,0,0,0,0,0,141,2,0.72,0.5,0.28,0.5,0.01,0.37,0.0,255,2,0.01,0.2,0.55,0.0,0.4,0.5,0.16,0.5,portsweep,18
0,tcp,courier,SH,0,0,0,0,0,0,0,0,0,0,0,0,0,0,0,0,0,0,1,1,1.0,1.0,0.0,0.0,1.0,0.0,0.0,142,1,0.01,0.93,0.94,0.0,0.94,1.0,0.0,0.0,nmap,17
0,tcp,shell,S1,38,1,0,0,0,0,0,0,0,0,0,0,0,0,0,0,0,0,1,1,1.0,1.0,0.0,0.0,1.0,0.0,0.0,1,1,1.0,0.0,1.0,0.0,1.0,1.0,0.0,0.0,normal,5
0,tcp,netstat,SH,0,0,0,0,0,0,0,0,0,0,0,0,0,0,0,0,0,0,1,1,1.0,1.0,0.0,0.0,1.0,0.0,0.0,255,1,0.0,1.0,1.0,0.0,1.0,1.0,0.0,0.0,nmap,19
0,tcp,ctf,SH,0,0,0,0,0,0,0,0,0,0,0,0,0,0,0,0,0,0,1,1,1.0,1.0,0.0,0.0,1.0,0.0,0.0,174,1,0.01,0.94,0.95,0.0,0.95,1.0,0.0,0.0,nmap,17
11,tcp,discard,SF,6,0,0,0,0,0,0,1,0,0,0,0,0,0,0,0,0,0,56,1,0.0,0.0,0.95,0.0,0.02,1.0,0.0,174,1,0.01,0.39,0.01,0.0,0.0,0.0,0.32,0.0,satan,11
0,tcp,harvest,REJ,0,0,0,0,0,0,0,0,0,0,0,0,0,0,0,0,0,0,511,1,0.11,0.0,0.86,1.0,0.0,1.0,0.0,255,1,0.0,1.0,0.0,0.0,0.1,0.0,0.85,1.0,satan,17
0,tcp,efs,SH,0,0,0,0,0,0,0,0,0,0,0,0,0,0,0,0,0,0,1,1,1.0,1.0,0.0,0.0,1.0,0.0,0.0,255,1,0.0,1.0,1.0,0.0,1.0,1.0,0.0,0.0,nmap,18
11,tcp,exec,SF,6,0,0,0,0,0,0,0,0,0,0,0,0,0,0,0,0,0,510,1,0.2,0.0,0.79,0.0,0.0,1.0,0.0,255,1,0.0,1.0,0.0,0.0,0.19,0.0,0.8,0.0,satan,15
0,tcp,telnet,REJ,0,0,0,0,0,0,0,0,0,0,0,0,0,0,0,0,0,0,4,6,0.0,0.0,1.0,1.0,0.25,1.0,0.83,106,85,0.29,0.05,0.01,0.02,0.02,0.0,0.91,0.67,mscan,15
0,tcp,sunrpc,REJ,0,0,0,0,0,0,0,0,0,0,0,0,0,0,0,0,0,0,1,3,0.0,0.0,1.0,1.0,1.0,0.0,1.0,255,11,0.04,0.03,0.0,0.0,0.0,0.0,0.22,1.0,mscan,13
7593,tcp,telnet,S2,0,15,0,0,0,0,0,0,0,0,0,0,0,0,0,0,0,0,1,22,1.0,0.14,0.0,0.82,1.0,0.0,0.95,255,179,0.7,0.03,0.0,0.0,0.33,0.47,0.12,0.08,processtable,18
0,tcp,other,RSTOS0,0,0,0,0,0,0,0,0,0,0,0,0,0,0,0,0,0,0,49,1,0.0,0.0,1.0,1.0,0.02,1.0,0.0,4,1,0.25,0.75,0.25,0.0,0.0,0.0,0.25,1.0,satan,8
0,tcp,ftp,REJ,0,0,0,0,0,0,0,0,0,0,0,0,0,0,0,0,0,0,4,1,0.0,0.0,1.0,1.0,0.25,1.0,0.0,17,1,0.06,0.47,0.06,0.0,0.0,0.0,0.24,1.0,saint,14
10499,tcp,X11,S3,27472,19512,0,0,0,0,0,0,0,0,0,0,0,0,0,0,0,0,1,1,1.0,1.0,0.0,0.0,1.0,0.0,0.0,23,13,0.57,0.13,0.04,0.0,0.48,0.85,0.0,0.0,normal,10
0,tcp,finger,S2,0,334,0,0,0,0,0,0,0,0,0,0,0,0,0,0,0,0,95,1,0.15,1.0,0.84,0.0,0.01,1.0,0.0,255,3,0.01,0.32,0.0,0.0,0.06,0.33,0.25,0.0,saint,15
900,tcp,ftp,S3,0,152,0,0,0,0,0,0,0,0,0,0,0,0,0,0,0,0,1,1,1.0,1.0,0.0,0.0,1.0,0.0,0.0,161,39,0.24,0.04,0.01,0.0,0.01,0.05,0.01,0.0,normal,8
205,tcp,private,S2,91,0,0,0,0,0,0,0,0,0,0,0,0,0,0,0,0,0,1,1,1.0,1.0,0.0,0.0,1.0,0.0,0.0,35,1,0.03,0.14,0.03,0.0,0.17,1.0,0.0,0.0,normal,6
